{"total_projects": 42, "total_tokens": 31040233.0, "avg_total_tokens": 739053.1666666666, "resolved": 5, "avg_resolved": 0.11904761904761904, "input_tokens": 30968954.0, "avg_input_tokens": 737356.0476190476, "output_tokens": 71279.0, "avg_output_tokens": 1697.1190476190477, "llm_calls": 1442.0, "avg_llm_calls": 34.333333333333336, "cpu_time": 3976.751268493653, "avg_cpu_time": 94.68455401175363, "gpu_time": 1095.9211802554858, "avg_gpu_time": 26.093361434654422, "duration": 5072.672448749138, "avg_duration": 120.77791544640806, "measured_gpu_time": 2541.5857315063477, "avg_measured_gpu_time": 60.51394598824637, "measured_duration": 6518.337, "avg_measured_duration": 155.19850000000002, "resolved_total_input_tokens": 2352821.0, "resolved_avg_input_tokens": 470564.2, "resolved_total_output_tokens": 8817.0, "resolved_avg_output_tokens": 1763.4, "resolved_total_llm_calls": 176.0, "resolved_avg_llm_calls": 35.2, "resolved_total_cpu_time": 278.0296451587677, "resolved_avg_cpu_time": 55.60592903175355, "resolved_total_gpu_time": 103.16327099881383, "resolved_avg_gpu_time": 20.632654199762765, "resolved_total_duration": 381.1929161575815, "resolved_avg_duration": 76.2385832315163, "resolved_total_measured_gpu_time": 304.1473548412323, "resolved_avg_measured_gpu_time": 60.82947096824646, "resolved_total_measured_duration": 582.177, "resolved_avg_measured_duration": 116.4354, "unresolved_total_input_tokens": 28616133.0, "unresolved_avg_input_tokens": 773409.0, "unresolved_total_output_tokens": 62462.0, "unresolved_avg_output_tokens": 1688.162162162162, "unresolved_total_llm_calls": 1266.0, "unresolved_avg_llm_calls": 34.21621621621622, "unresolved_total_cpu_time": 3698.7216233348845, "unresolved_avg_cpu_time": 99.9654492793212, "unresolved_total_gpu_time": 992.7579092566718, "unresolved_avg_gpu_time": 26.831294844774913, "unresolved_total_duration": 4691.479532591557, "unresolved_avg_duration": 126.79674412409612, "unresolved_total_measured_gpu_time": 2237.4383766651154, "unresolved_avg_measured_gpu_time": 60.47130747743555, "unresolved_total_measured_duration": 5936.160000000001, "unresolved_avg_measured_duration": 160.43675675675678, "precision": 0.2631578947368421}