{
    "django__django-13343": {
        "log_path": "infer_logs/instance_django__django-13343.log",
        "duration": 72.40921012179541,
        "gpu_time": 22.988994982406368,
        "cpu_time": 49.42021513938904,
        "llm_calls": 26,
        "input_tokens": 460498,
        "output_tokens": 2294,
        "resolved": false,
        "measured_gpu_time": 52.33978486061096,
        "measured_duration": 101.76
    },
    "django__django-16612": {
        "log_path": "infer_logs/instance_django__django-16612.log",
        "duration": 78.13998791683909,
        "gpu_time": 20.110357459914653,
        "cpu_time": 58.02963045692444,
        "llm_calls": 40,
        "input_tokens": 419243,
        "output_tokens": 1885,
        "resolved": true,
        "measured_gpu_time": 58.30636954307556,
        "measured_duration": 116.336
    },
    "scikit-learn__scikit-learn-10908": {
        "log_path": "infer_logs/instance_scikit-learn__scikit-learn-10908.log",
        "duration": 398.56624314697825,
        "gpu_time": 17.503296104513023,
        "cpu_time": 381.0629470424652,
        "llm_calls": 21,
        "input_tokens": 492156,
        "output_tokens": 1022,
        "resolved": false,
        "measured_gpu_time": 34.34505295753479,
        "measured_duration": 415.408
    },
    "django__django-11239": {
        "log_path": "infer_logs/instance_django__django-11239.log",
        "duration": 79.04160084249958,
        "gpu_time": 33.05544772436602,
        "cpu_time": 45.98615311813356,
        "llm_calls": 60,
        "input_tokens": 725488,
        "output_tokens": 3185,
        "resolved": false,
        "measured_gpu_time": 110.98084688186646,
        "measured_duration": 156.967
    },
    "psf__requests-1142": {
        "log_path": "infer_logs/instance_psf__requests-1142.log",
        "duration": 90.8006744260855,
        "gpu_time": 59.625549029356996,
        "cpu_time": 31.175125396728504,
        "llm_calls": 60,
        "input_tokens": 1271965,
        "output_tokens": 6220,
        "resolved": false,
        "measured_gpu_time": 153.88787460327148,
        "measured_duration": 185.063
    },
    "django__django-12713": {
        "log_path": "infer_logs/instance_django__django-12713.log",
        "duration": 56.6707213861348,
        "gpu_time": 10.061175781428986,
        "cpu_time": 46.609545604705815,
        "llm_calls": 17,
        "input_tokens": 194899,
        "output_tokens": 816,
        "resolved": false,
        "measured_gpu_time": 28.88245439529419,
        "measured_duration": 75.492
    },
    "astropy__astropy-8707": {
        "log_path": "infer_logs/instance_astropy__astropy-8707.log",
        "duration": 59.8529992809584,
        "gpu_time": 10.649578945188749,
        "cpu_time": 49.20342033576965,
        "llm_calls": 13,
        "input_tokens": 256076,
        "output_tokens": 664,
        "resolved": false,
        "measured_gpu_time": 22.453579664230347,
        "measured_duration": 71.657
    },
    "matplotlib__matplotlib-25287": {
        "log_path": "infer_logs/instance_matplotlib__matplotlib-25287.log",
        "duration": 60.93500190278592,
        "gpu_time": 5.850482804504063,
        "cpu_time": 55.08451909828186,
        "llm_calls": 9,
        "input_tokens": 50096,
        "output_tokens": 595,
        "resolved": true,
        "measured_gpu_time": 25.51348090171814,
        "measured_duration": 80.598
    },
    "django__django-11885": {
        "log_path": "infer_logs/instance_django__django-11885.log",
        "duration": 127.7107178763535,
        "gpu_time": 49.83023863021398,
        "cpu_time": 77.88047924613952,
        "llm_calls": 60,
        "input_tokens": 1796991,
        "output_tokens": 1856,
        "resolved": false,
        "measured_gpu_time": 95.20052075386047,
        "measured_duration": 173.081
    },
    "django__django-15380": {
        "log_path": "infer_logs/instance_django__django-15380.log",
        "duration": 60.74535137358798,
        "gpu_time": 9.424840457831749,
        "cpu_time": 51.32051091575623,
        "llm_calls": 23,
        "input_tokens": 191508,
        "output_tokens": 700,
        "resolved": false,
        "measured_gpu_time": 28.683489084243774,
        "measured_duration": 80.004
    },
    "django__django-15104": {
        "log_path": "infer_logs/instance_django__django-15104.log",
        "duration": 98.38141025794461,
        "gpu_time": 29.8583720575662,
        "cpu_time": 68.52303820037841,
        "llm_calls": 60,
        "input_tokens": 604170,
        "output_tokens": 3068,
        "resolved": false,
        "measured_gpu_time": 97.10596179962158,
        "measured_duration": 165.629
    },
    "django__django-14089": {
        "log_path": "infer_logs/instance_django__django-14089.log",
        "duration": 171.84162093344418,
        "gpu_time": 13.779243043810983,
        "cpu_time": 158.06237788963318,
        "llm_calls": 23,
        "input_tokens": 417267,
        "output_tokens": 589,
        "resolved": false,
        "measured_gpu_time": 28.67062211036682,
        "measured_duration": 186.733
    },
    "pydata__xarray-4695": {
        "log_path": "infer_logs/instance_pydata__xarray-4695.log",
        "duration": 68.23035832436241,
        "gpu_time": 9.546519543005594,
        "cpu_time": 58.68383878135681,
        "llm_calls": 15,
        "input_tokens": 169586,
        "output_tokens": 823,
        "resolved": false,
        "measured_gpu_time": 24.57516121864319,
        "measured_duration": 83.259
    },
    "django__django-16145": {
        "log_path": "infer_logs/instance_django__django-16145.log",
        "duration": 84.41033072790592,
        "gpu_time": 22.24242939314334,
        "cpu_time": 62.167901334762576,
        "llm_calls": 45,
        "input_tokens": 431201,
        "output_tokens": 2271,
        "resolved": true,
        "measured_gpu_time": 78.26709866523743,
        "measured_duration": 140.435
    },
    "pytest-dev__pytest-10356": {
        "log_path": "infer_logs/instance_pytest-dev__pytest-10356.log",
        "duration": 256.74669681600767,
        "gpu_time": 43.76348198751645,
        "cpu_time": 212.9832148284912,
        "llm_calls": 60,
        "input_tokens": 1276413,
        "output_tokens": 2931,
        "resolved": false,
        "measured_gpu_time": 103.46378517150879,
        "measured_duration": 316.447
    },
    "django__django-11555": {
        "log_path": "infer_logs/instance_django__django-11555.log",
        "duration": 52.75903340847245,
        "gpu_time": 6.032830828974152,
        "cpu_time": 46.72620257949829,
        "llm_calls": 15,
        "input_tokens": 101045,
        "output_tokens": 405,
        "resolved": false,
        "measured_gpu_time": 17.54479742050171,
        "measured_duration": 64.271
    },
    "scikit-learn__scikit-learn-10844": {
        "log_path": "infer_logs/instance_scikit-learn__scikit-learn-10844.log",
        "duration": 89.69438477759547,
        "gpu_time": 30.638278156806905,
        "cpu_time": 59.05610662078857,
        "llm_calls": 46,
        "input_tokens": 821938,
        "output_tokens": 2256,
        "resolved": true,
        "measured_gpu_time": 78.42489337921143,
        "measured_duration": 137.481
    },
    "django__django-11066": {
        "log_path": "infer_logs/instance_django__django-11066.log",
        "duration": 205.41739804835976,
        "gpu_time": 21.92706835742652,
        "cpu_time": 183.49032969093324,
        "llm_calls": 25,
        "input_tokens": 668282,
        "output_tokens": 1147,
        "resolved": false,
        "measured_gpu_time": 45.75567030906677,
        "measured_duration": 229.246
    },
    "django__django-13568": {
        "log_path": "infer_logs/instance_django__django-13568.log",
        "duration": 152.53721830844194,
        "gpu_time": 13.700818041794594,
        "cpu_time": 138.83640026664733,
        "llm_calls": 22,
        "input_tokens": 383202,
        "output_tokens": 725,
        "resolved": false,