{
  "django__django-13343": {
    "log_path": "infer_logs/instance_django__django-13343.log",
    "duration": 240.80248272037326,
    "gpu_time": 190.08403061580478,
    "cpu_time": 50.718452104568485,
    "llm_calls": 60,
    "input_tokens": 2892124,
    "output_tokens": 13054,
    "resolved": false,
    "measured_gpu_time": 213.99054789543152,
    "measured_duration": 264.709
  },
  "django__django-16612": {
    "log_path": "infer_logs/instance_django__django-16612.log",
    "duration": 51.02087024682829,
    "gpu_time": 10.89173504442045,
    "cpu_time": 40.12913520240784,
    "llm_calls": 8,
    "input_tokens": 57695,
    "output_tokens": 1395,
    "resolved": false,
    "measured_gpu_time": 29.144864797592163,
    "measured_duration": 69.274
  },
  "scikit-learn__scikit-learn-10908": {
    "log_path": "infer_logs/instance_scikit-learn__scikit-learn-10908.log",
    "duration": 98.85729316011017,
    "gpu_time": 20.037930931716623,
    "cpu_time": 78.81936222839354,
    "llm_calls": 15,
    "input_tokens": 180700,
    "output_tokens": 2175,
    "resolved": false,
    "measured_gpu_time": 65.02363777160645,
    "measured_duration": 143.843
  },
  "django__django-11239": {
    "log_path": "infer_logs/instance_django__django-11239.log",
    "duration": 65.30447571559827,
    "gpu_time": 19.19229701610486,
    "cpu_time": 46.11217869949341,
    "llm_calls": 12,
    "input_tokens": 128535,
    "output_tokens": 2451,
    "resolved": false,
    "measured_gpu_time": 61.25482130050659,
    "measured_duration": 107.367
  },
  "sympy__sympy-13480": {
    "log_path": "infer_logs/instance_sympy__sympy-13480.log",
    "duration": 70.52548658893662,
    "gpu_time": 26.847990806084447,
    "cpu_time": 43.677495782852176,
    "llm_calls": 13,
    "input_tokens": 366707,
    "output_tokens": 1950,
    "resolved": true,
    "measured_gpu_time": 38.79050421714783,
    "measured_duration": 82.468
  },
  "psf__requests-1142": {
    "log_path": "infer_logs/instance_psf__requests-1142.log",
    "duration": 135.01421239665967,
    "gpu_time": 96.88842611888867,
    "cpu_time": 38.125786277771,
    "llm_calls": 51,
    "input_tokens": 1117209,
    "output_tokens": 9557,
    "resolved": false,
    "measured_gpu_time": 114.446213722229,
    "measured_duration": 152.572
  },
  "django__django-12713": {
    "log_path": "infer_logs/instance_django__django-12713.log",
    "duration": 602.8027300737886,
    "gpu_time": 179.50493865762027,
    "cpu_time": 423.29779141616825,
    "llm_calls": 56,
    "input_tokens": 3340177,
    "output_tokens": 7114,
    "resolved": false,
    "measured_gpu_time": 321.8592085838318,
    "measured_duration": 745.157
  },
  "astropy__astropy-8707": {
    "log_path": "infer_logs/instance_astropy__astropy-8707.log",
    "duration": 175.20019120050645,
    "gpu_time": 54.90232836366868,
    "cpu_time": 120.29786283683777,
    "llm_calls": 36,
    "input_tokens": 764218,
    "output_tokens": 4170,
    "resolved": false,
    "measured_gpu_time": 86.62413716316223,
    "measured_duration": 206.922
  },
  "matplotlib__matplotlib-25287": {
    "log_path": "infer_logs/instance_matplotlib__matplotlib-25287.log",
    "duration": 59.692888585597764,
    "gpu_time": 14.51621207764793,
    "cpu_time": 45.176676507949836,
    "llm_calls": 9,
    "input_tokens": 91804,
    "output_tokens": 1829,
    "resolved": false,
    "measured_gpu_time": 42.74432349205017,
    "measured_duration": 87.921
  },
  "django__django-11885": {
    "log_path": "infer_logs/instance_django__django-11885.log",
    "duration": 250.15909834685903,
    "gpu_time": 176.4315589334069,
    "cpu_time": 73.72753941345212,
    "llm_calls": 60,
    "input_tokens": 2889054,
    "output_tokens": 10349,
    "resolved": false,
    "measured_gpu_time": 262.91546058654785,
    "measured_duration": 336.643
  },
  "django__django-15380": {
    "log_path": "infer_logs/instance_django__django-15380.log",
    "duration": 56.52331089594892,
    "gpu_time": 14.248800693541078,
    "cpu_time": 42.27451020240784,
    "llm_calls": 10,
    "input_tokens": 84012,
    "output_tokens": 1842,
    "resolved": false,
    "measured_gpu_time": 87.03548979759216,
    "measured_duration": 129.31
  },
  "django__django-15104": {
    "log_path": "infer_logs/instance_django__django-15104.log",
    "duration": 270.1411201478109,
    "gpu_time": 118.77068668566795,
    "cpu_time": 151.37043346214296,
    "llm_calls": 53,
    "input_tokens": 1815669,
    "output_tokens": 7974,
    "resolved": false,
    "measured_gpu_time": 300.41756653785706,
    "measured_duration": 451.788
  },
  "django__django-14089": {
    "log_path": "infer_logs/instance_django__django-14089.log",
    "duration": 124.48582980395382,
    "gpu_time": 87.54286204768245,
    "cpu_time": 36.94296775627137,
    "llm_calls": 60,
    "input_tokens": 1024450,
    "output_tokens": 8479,
    "resolved": false,
    "measured_gpu_time": 210.94003224372864,
    "measured_duration": 247.883
  },
  "pydata__xarray-4695": {
    "log_path": "infer_logs/instance_pydata__xarray-4695.log",
    "duration": 144.40674410250787,
    "gpu_time": 73.60358297160272,
    "cpu_time": 70.80316113090515,
    "llm_calls": 29,
    "input_tokens": 1026609,
    "output_tokens": 5672,
    "resolved": false,
    "measured_gpu_time": 122.85783886909485,
    "measured_duration": 193.661
  },
  "django__django-16145": {
    "log_path": "infer_logs/instance_django__django-16145.log",
    "duration": 75.03173284080103,
    "gpu_time": 26.04316876151635,
    "cpu_time": 48.98856407928467,
    "llm_calls": 18,
    "input_tokens": 266166,
    "output_tokens": 2647,
    "resolved": true,
    "measured_gpu_time": 66.85443592071533,
    "measured_duration": 115.843
  },
  "sympy__sympy-13877": {
    "log_path": "infer_logs/instance_sympy__sympy-13877.log",
    "duration": 68.65954773391769,
    "gpu_time": 27.469180565491172,
    "cpu_time": 41.19036716842652,
    "llm_calls": 17,
    "input_tokens": 264675,
    "output_tokens": 2945,
    "resolved": false,
    "measured_gpu_time": 72.70363283157349,
    "measured_duration": 113.894
  },
  "pytest-dev__pytest-10356": {
    "log_path": "infer_logs/instance_pytest-dev__pytest-10356.log",
    "duration": 382.4372961215616,
    "gpu_time": 101.05623050876865,
    "cpu_time": 281.38106561279295,
    "llm_calls": 39,
    "input_tokens": 1667928,
    "output_tokens": 5691,
    "resolved": false,
    "measured_gpu_time": 128.54993438720703,
    "measured_duration": 409.931
  },
  "django__django-11555": {
    "log_path": "infer_logs/instance_django__django-11555.log",
    "duration": 59.85575467231779,
    "gpu_time": 18.682854850082677,
    "cpu_time": 41.17289982223511,
    "llm_calls": 11,
    "input_tokens": 122686,
    "output_tokens": 2399,
    "resolved": false,
    "measured_gpu_time": 51.63110017776489,
    "measured_duration": 92.804
  },
  "sympy__sympy-21847": {
    "log_path": "infer_logs/instance_sympy__sympy-21847.log",
    "duration": 76.07947649665107,
    "gpu_time": 32.799816554024126,
    "cpu_time": 43.27965994262695,
    "llm_calls": 18,
    "input_tokens": 343467,
    "output_tokens": 3339,
    "resolved": true,
    "measured_gpu_time": 46.12434005737305,
    "measured_duration": 89.404
  },
  "scikit-learn__scikit-learn-10844": {
    "log_path": "infer_logs/instance_scikit-learn__scikit-learn-10844.log",
    "duration": 63.13603574917039,
    "gpu_time": 14.33547771808824,
    "cpu_time": 48.80055803108215,
    "llm_calls": 10,
    "input_tokens": 133033,
    "output_tokens": 1441,
    "resolved": true,
    "measured_gpu_time": 28.037441968917847,
    "measured_duration": 76.838
  },
  "django__django-11066": {
    "log_path": "infer_logs/instance_django__django-11066.log",
    "duration": 150.6311158302983,
    "gpu_time": 17.36584113967026,
    "cpu_time": 133.26527469062805,
    "llm_calls": 12,
    "input_tokens": 167042,
    "output_tokens": 1757,
    "resolved": true,
    "measured_gpu_time": 31.35872530937195,