{
  "total_projects": 50,
  "total_tokens": 45099210.0,
  "avg_total_tokens": 901984.2,
  "resolved": 10,
  "avg_resolved": 0.2,
  "input_tokens": 44855298.0,
  "avg_input_tokens": 897105.96,
  "output_tokens": 243912.0,
  "avg_output_tokens": 4878.24,
  "llm_calls": 1540.0,
  "avg_llm_calls": 30.8,
  "cpu_time": 7140.969314088823,
  "avg_cpu_time": 142.81938628177647,
  "gpu_time": 3205.5704273283986,
  "avg_gpu_time": 64.11140854656797,
  "duration": 10346.53974141722,
  "avg_duration": 206.9307948283444,
  "measured_gpu_time": 6323.770685911179,
  "avg_measured_gpu_time": 126.47541371822358,
  "measured_duration": 13464.74,
  "avg_measured_duration": 269.2948,
  "resolved_total_input_tokens": 2357523.0,
  "resolved_avg_input_tokens": 235752.3,
  "resolved_total_output_tokens": 23074.0,
  "resolved_avg_output_tokens": 2307.4,
  "resolved_total_llm_calls": 143.0,
  "resolved_avg_llm_calls": 14.3,
  "resolved_total_cpu_time": 559.9573903770447,
  "resolved_avg_cpu_time": 55.99573903770447,
  "resolved_total_gpu_time": 230.48205698099764,
  "resolved_avg_gpu_time": 23.048205698099764,
  "resolved_total_duration": 790.4394473580423,
  "resolved_avg_duration": 79.04394473580423,
  "resolved_total_measured_gpu_time": 562.5896096229553,
  "resolved_avg_measured_gpu_time": 56.25896096229553,
  "resolved_total_measured_duration": 1122.547,
  "resolved_avg_measured_duration": 112.2547,
  "unresolved_total_input_tokens": 42497775.0,
  "unresolved_avg_input_tokens": 1062444.375,
  "unresolved_total_output_tokens": 220838.0,
  "unresolved_avg_output_tokens": 5520.95,
  "unresolved_total_llm_calls": 1397.0,
  "unresolved_avg_llm_calls": 34.925,
  "unresolved_total_cpu_time": 6581.011923711779,
  "unresolved_avg_cpu_time": 164.52529809279446,
  "unresolved_total_gpu_time": 2975.088370347401,
  "unresolved_avg_gpu_time": 74.37720925868503,
  "unresolved_total_duration": 9556.100294059177,
  "unresolved_avg_duration": 238.90250735147941,
  "unresolved_total_measured_gpu_time": 5761.181076288223,
  "unresolved_avg_measured_gpu_time": 144.0295269072056,
  "unresolved_total_measured_duration": 12342.193,
  "unresolved_avg_measured_duration": 308.554825,
  "precision": 0.20833333333333334,
  "token_efficiency_auc": 427372953.5,
  "cost_efficiency_auc": 67.17434866899998,
  "cpu_efficiency_auc": 61074.692183105464,
  "gpu_efficiency_auc": 29679.840440191383
}
