{"django__django-13343": {"log_path": "infer_logs/instance_django__django-13343.log", "duration": 178.61755421434435, "gpu_time": 127.89910210977588, "cpu_time": 50.718452104568485, "llm_calls": 60, "input_tokens": 2892124, "output_tokens": 13054, "resolved": false, "measured_gpu_time": 213.99054789543152, "measured_duration": 264.709}, "django__django-16612": {"log_path": "infer_logs/instance_django__django-16612.log", "duration": 50.02597379471816, "gpu_time": 9.896838592310326, "cpu_time": 40.12913520240784, "llm_calls": 8, "input_tokens": 57695, "output_tokens": 1395, "resolved": false, "measured_gpu_time": 29.144864797592163, "measured_duration": 69.274}, "scikit-learn__scikit-learn-10908": {"log_path": "infer_logs/instance_scikit-learn__scikit-learn-10908.log", "duration": 95.16676456359994, "gpu_time": 16.34740233520639, "cpu_time": 78.81936222839354, "llm_calls": 15, "input_tokens": 180700, "output_tokens": 2175, "resolved": false, "measured_gpu_time": 65.02363777160645, "measured_duration": 143.843}, "django__django-11239": {"log_path": "infer_logs/instance_django__django-11239.log", "duration": 62.66815640603845, "gpu_time": 16.55597770654504, "cpu_time": 46.11217869949341, "llm_calls": 12, "input_tokens": 128535, "output_tokens": 2451, "resolved": false, "measured_gpu_time": 61.25482130050659, "measured_duration": 107.367}, "sympy__sympy-13480": {"log_path": "infer_logs/instance_sympy__sympy-13480.log", "duration": 62.96460018541073, "gpu_time": 19.287104402558555, "cpu_time": 43.677495782852176, "llm_calls": 13, "input_tokens": 366707, "output_tokens": 1950, "resolved": true, "measured_gpu_time": 38.79050421714783, "measured_duration": 82.468}, "psf__requests-1142": {"log_path": "infer_logs/instance_psf__requests-1142.log", "duration": 110.58860472197793, "gpu_time": 72.46281844420693, "cpu_time": 38.125786277771, "llm_calls": 51, "input_tokens": 1117209, "output_tokens": 9557, "resolved": false, "measured_gpu_time": 114.446213722229, "measured_duration": 152.572}, "django__django-12713": {"log_path": "infer_logs/instance_django__django-12713.log", "duration": 532.0864422031809, "gpu_time": 108.78865078701267, "cpu_time": 423.29779141616825, "llm_calls": 56, "input_tokens": 3340177, "output_tokens": 7114, "resolved": false, "measured_gpu_time": 321.8592085838318, "measured_duration": 745.157}, "astropy__astropy-8707": {"log_path": "infer_logs/instance_astropy__astropy-8707.log", "duration": 158.97201705026652, "gpu_time": 38.67415421342875, "cpu_time": 120.29786283683777, "llm_calls": 36, "input_tokens": 764218, "output_tokens": 4170, "resolved": false, "measured_gpu_time": 86.62413716316223, "measured_duration": 206.922}, "matplotlib__matplotlib-25287": {"log_path": "infer_logs/instance_matplotlib__matplotlib-25287.log", "duration": 57.91857579176869, "gpu_time": 12.74189928381885, "cpu_time": 45.176676507949836, "llm_calls": 9, "input_tokens": 91804, "output_tokens": 1829, "resolved": false, "measured_gpu_time": 42.74432349205017, "measured_duration": 87.921}, "django__django-11885": {"log_path": "infer_logs/instance_django__django-11885.log", "duration": 188.4352443613293, "gpu_time": 114.70770494787718, "cpu_time": 73.72753941345212, "llm_calls": 60, "input_tokens": 2889054, "output_tokens": 10349, "resolved": false, "measured_gpu_time": 262.91546058654785, "measured_duration": 336.643}, "django__django-15380": {"log_path": "infer_logs/instance_django__django-15380.log", "duration": 54.91060670289599, "gpu_time": 12.636096500488152, "cpu_time": 42.27451020240784, "llm_calls": 10, "input_tokens": 84012, "output_tokens": 1842, "resolved": false, "measured_gpu_time": 87.03548979759216, "measured_duration": 129.31}, "django__django-15104": {"log_path": "infer_logs/instance_django__django-15104.log", "duration": 231.29047672497182, "gpu_time": 79.92004326282887, "cpu_time": 151.37043346214296, "llm_calls": 53, "input_tokens": 1815669, "output_tokens": 7974, "resolved": false, "measured_gpu_time": 300.41756653785706, "measured_duration": 451.788}, "django__django-14089": {"log_path": "infer_logs/instance_django__django-14089.log", "duration": 102.16484049328176, "gpu_time": 65.22187273701039, "cpu_time": 36.94296775627137, "llm_calls": 60, "input_tokens": 1024450, "output_tokens": 8479, "resolved": false, "measured_gpu_time": 210.94003224372864, "measured_duration": 247.883}, "pydata__xarray-4695": {"log_path": "infer_logs/instance_pydata__xarray-4695.log", "duration": 122.45205579788772, "gpu_time": 51.64889466698257, "cpu_time": 70.80316113090515, "llm_calls": 29, "input_tokens": 1026609, "output_tokens": 5672, "resolved": false, "measured_gpu_time": 122.85783886909485, "measured_duration": 193.661}, "django__django-16145": {"log_path": "infer_logs/instance_django__django-16145.log", "duration": 69.47849073217478, "gpu_time": 20.489926652890098, "cpu_time": 48.98856407928467, "llm_calls": 18, "input_tokens": 266166, "output_tokens": 2647, "resolved": true, "measured_gpu_time": 66.85443592071533, "measured_duration": 115.843}, "sympy__sympy-13877": {"log_path": "infer_logs/instance_sympy__sympy-13877.log", "duration": 63.09389665265477, "gpu_time": 21.90352948422825, "cpu_time": 41.19036716842652, "llm_calls": 17, "input_tokens": 264675, "output_tokens": 2945, "resolved": false, "measured_gpu_time": 72.70363283157349, "measured_duration": 113.894}, "pytest-dev__pytest-10356": {"log_path": "infer_logs/instance_pytest-dev__pytest-10356.log", "duration": 347.021763078553, "gpu_time": 65.64069746576008, "cpu_time": 281.38106561279295, "llm_calls": 39, "input_tokens": 1667928, "output_tokens": 5691, "resolved": false, "measured_gpu_time": 128.54993438720703, "measured_duration": 409.931}, "django__django-11555": {"log_path": "infer_logs/instance_django__django-11555.log", "duration": 57.34980151777555, "gpu_time": 16.176901695540444, "cpu_time": 41.17289982223511, "llm_calls": 11, "input_tokens": 122686, "output_tokens": 2399, "resolved": false, "measured_gpu_time": 51.63110017776489, "measured_duration": 92.804}, "sympy__sympy-21847": {"log_path": "infer_logs/instance_sympy__sympy-21847.log", "duration": 68.80260319561489, "gpu_time": 25.522943252987943, "cpu_time": 43.27965994262695, "llm_calls": 18, "input_tokens": 343467, "output_tokens": 3339, "resolved": true, "measured_gpu_time": 46.12434005737305, "measured_duration": 89.404}, "scikit-learn__scikit-learn-10844": {"log_path": "infer_logs/instance_scikit-learn__scikit-learn-10844.log", "duration": 60.55342852171262, "gpu_time": 11.752870490630468, "cpu_time": 48.80055803108215, "llm_calls": 10, "input_tokens": 133033, "output_tokens": 1441, "resolved": true, "measured_gpu_time": 28.037441968917847, "measured_duration": 76.838}, "django__django-11066": {"log_path": "infer_logs/instance_django__django-11066.log", "duration": 147.28849381851936, "gpu_time": 14.023219127891318, "cpu_time": 133.26527469062805, "llm_calls": 12, "input_tokens": 167042, "output_tokens": 1757, "resolved": true, "measured_gpu_time": 31.35872530937195, "measured_duration": 164.624}, "sympy__sympy-22714": {"log_path": "infer_logs/instance_sympy__sympy-22714.log", "duration": 56.3421159293861, "gpu_time": 12.764754618427236, "cpu_time": 43.577361310958864, "llm_calls": 9, "input_tokens": 198302, "output_tokens": 1358, "resolved": true, "measured_gpu_time": 38.71163868904114, "measured_duration": 82.289}, "django__django-13568": {"log_path": "infer_logs/instance_django__django-13568.log", "duration": 53.82270060020001, "gpu_time": 8.845052284770318, "cpu_time": 44.97764831542969, "llm_calls": 8, "input_tokens": 58418, "output_tokens": 1175, "resolved": false, "measured_gpu_time": 20.332351684570312, "measured_duration": 65.31}, "django__django-15127": {"log_path": "infer_logs/instance_django__django-15127.log", "duration": 100.64807846850054, "gpu_time": 37.10809587114947, "cpu_time": 63.53998259735107, "llm_calls": 34, "input_tokens": 746138, "output_tokens": 3928, "resolved": false,