{"total_projects": 50, "total_tokens": 17602412.0, "avg_total_tokens": 352048.24, "resolved": 17, "avg_resolved": 0.34, "input_tokens": 16769200.0, "avg_input_tokens": 335384.0, "output_tokens": 833212.0, "avg_output_tokens": 16664.24, "llm_calls": 973.0, "avg_llm_calls": 19.46, "cpu_time": 5123.395220748902, "avg_cpu_time": 102.46790441497804, "gpu_time": 4500.140209387088, "avg_gpu_time": 90.00280418774177, "duration": 9623.53543013599, "avg_duration": 192.47070860271978, "measured_gpu_time": 28978.86688065529, "avg_measured_gpu_time": 579.5773376131058, "measured_duration": 33150.37700000001, "avg_measured_duration": 663.0075400000002, "resolved_total_input_tokens": 3422297.0, "resolved_avg_input_tokens": 201311.58823529413, "resolved_total_output_tokens": 168478.0, "resolved_avg_output_tokens": 9910.470588235294, "resolved_total_llm_calls": 231.0, "resolved_avg_llm_calls": 13.588235294117647, "resolved_total_cpu_time": 1227.9215822467806, "resolved_avg_cpu_time": 72.23068130863416, "resolved_total_gpu_time": 923.5624201743364, "resolved_avg_gpu_time": 54.32720118672567, "resolved_total_duration": 2151.484002421117, "resolved_avg_duration": 126.55788249535983, "resolved_total_measured_gpu_time": 5475.15441775322, "resolved_avg_measured_gpu_time": 322.06790692666, "resolved_total_measured_duration": 6703.076000000001, "resolved_avg_measured_duration": 394.2985882352942, "unresolved_total_input_tokens": 13346903.0, "unresolved_avg_input_tokens": 404451.6060606061, "unresolved_total_output_tokens": 664734.0, "unresolved_avg_output_tokens": 20143.454545454544, "unresolved_total_llm_calls": 742.0, "unresolved_avg_llm_calls": 22.484848484848484, "unresolved_total_cpu_time": 3895.4736385021215, "unresolved_avg_cpu_time": 118.0446557121855, "unresolved_total_gpu_time": 3576.5777892127526, "unresolved_avg_gpu_time": 108.38114512765917, "unresolved_total_duration": 7472.051427714874, "unresolved_avg_duration": 226.42580083984467, "unresolved_total_measured_gpu_time": 23503.71246290207, "unresolved_avg_measured_gpu_time": 712.2337109970324, "unresolved_total_measured_duration": 26447.301000000003, "unresolved_avg_measured_duration": 801.4333636363638, "precision": 0.3695652173913043}