{"django__django-13343": {"log_path": "infer_logs/instance_django__django-13343.log", "duration": 170.57283783191156, "gpu_time": 104.95334578937003, "cpu_time": 65.61949204254154, "llm_calls": 20, "input_tokens": 275948, "output_tokens": 20011, "resolved": false, "measured_gpu_time": 669.2685079574585, "measured_duration": 734.888}, "django__django-16612": {"log_path": "infer_logs/instance_django__django-16612.log", "duration": 56.032731226748176, "gpu_time": 13.04523771745557, "cpu_time": 42.987493509292605, "llm_calls": 4, "input_tokens": 23639, "output_tokens": 2196, "resolved": false, "measured_gpu_time": 59.8315064907074, "measured_duration": 102.819}, "scikit-learn__scikit-learn-10908": {"log_path": "infer_logs/instance_scikit-learn__scikit-learn-10908.log", "duration": 147.4287826381404, "gpu_time": 83.41238457448068, "cpu_time": 64.01639806365972, "llm_calls": 14, "input_tokens": 205756, "output_tokens": 15885, "resolved": false, "measured_gpu_time": 474.27460193634033, "measured_duration": 538.291}, "django__django-11239": {"log_path": "infer_logs/instance_django__django-11239.log", "duration": 227.47335183851473, "gpu_time": 138.76825042288053, "cpu_time": 88.7051014156342, "llm_calls": 33, "input_tokens": 572167, "output_tokens": 25657, "resolved": false, "measured_gpu_time": 740.8168985843658, "measured_duration": 829.522}, "sympy__sympy-13480": {"log_path": "infer_logs/instance_sympy__sympy-13480.log", "duration": 56.27444677904063, "gpu_time": 11.862250356463733, "cpu_time": 44.4121964225769, "llm_calls": 4, "input_tokens": 24353, "output_tokens": 1949, "resolved": true, "measured_gpu_time": 54.788803577423096, "measured_duration": 99.201}, "psf__requests-1142": {"log_path": "infer_logs/instance_psf__requests-1142.log", "duration": 78.03812584216783, "gpu_time": 34.13289569766709, "cpu_time": 43.905230144500734, "llm_calls": 8, "input_tokens": 65752, "output_tokens": 6354, "resolved": false, "measured_gpu_time": 201.64876985549927, "measured_duration": 245.554}, "django__django-12713": {"log_path": "infer_logs/instance_django__django-12713.log", "duration": 191.4053957209136, "gpu_time": 78.42715607781666, "cpu_time": 112.97823964309691, "llm_calls": 21, "input_tokens": 252446, "output_tokens": 14649, "resolved": true, "measured_gpu_time": 407.2337603569031, "measured_duration": 520.212}, "astropy__astropy-8707": {"log_path": "infer_logs/instance_astropy__astropy-8707.log", "duration": 212.6931423752873, "gpu_time": 124.44228488474769, "cpu_time": 88.2508574905396, "llm_calls": 36, "input_tokens": 660922, "output_tokens": 22308, "resolved": false, "measured_gpu_time": 662.2181425094604, "measured_duration": 750.469}, "matplotlib__matplotlib-25287": {"log_path": "infer_logs/instance_matplotlib__matplotlib-25287.log", "duration": 67.41387315516741, "gpu_time": 19.993228938629926, "cpu_time": 47.42064421653748, "llm_calls": 6, "input_tokens": 40645, "output_tokens": 3552, "resolved": true, "measured_gpu_time": 103.88435578346252, "measured_duration": 151.305}, "django__django-11885": {"log_path": "infer_logs/instance_django__django-11885.log", "duration": 81.18931754697799, "gpu_time": 33.83458377088546, "cpu_time": 47.35473377609253, "llm_calls": 8, "input_tokens": 57361, "output_tokens": 6330, "resolved": false, "measured_gpu_time": 188.66926622390747, "measured_duration": 236.024}, "django__django-15380": {"log_path": "infer_logs/instance_django__django-15380.log", "duration": 138.75335565418607, "gpu_time": 63.08254193729767, "cpu_time": 75.6708137168884, "llm_calls": 14, "input_tokens": 197041, "output_tokens": 11734, "resolved": false, "measured_gpu_time": 329.4431862831116, "measured_duration": 405.114}, "django__django-15104": {"log_path": "infer_logs/instance_django__django-15104.log", "duration": 56.40110641937346, "gpu_time": 10.114727553177783, "cpu_time": 46.286378866195676, "llm_calls": 3, "input_tokens": 28123, "output_tokens": 1572, "resolved": true, "measured_gpu_time": 41.64462113380432, "measured_duration": 87.931}, "django__django-14089": {"log_path": "infer_logs/instance_django__django-14089.log", "duration": 65.39245561763278, "gpu_time": 17.841536849703687, "cpu_time": 47.55091876792909, "llm_calls": 7, "input_tokens": 43005, "output_tokens": 3098, "resolved": true, "measured_gpu_time": 85.79708123207092, "measured_duration": 133.348}, "pydata__xarray-4695": {"log_path": "infer_logs/instance_pydata__xarray-4695.log", "duration": 104.5830686159405, "gpu_time": 57.0021011438641, "cpu_time": 47.580967472076395, "llm_calls": 6, "input_tokens": 89770, "output_tokens": 10960, "resolved": true, "measured_gpu_time": 274.8670325279236, "measured_duration": 322.448}, "django__django-16145": {"log_path": "infer_logs/instance_django__django-16145.log", "duration": 261.73843353773924, "gpu_time": 72.62808255507325, "cpu_time": 189.11035098266598, "llm_calls": 20, "input_tokens": 156590, "output_tokens": 13882, "resolved": false, "measured_gpu_time": 394.631649017334, "measured_duration": 583.742}, "sympy__sympy-13877": {"log_path": "infer_logs/instance_sympy__sympy-13877.log", "duration": 156.73059224322043, "gpu_time": 98.43850347140034, "cpu_time": 58.29208877182009, "llm_calls": 15, "input_tokens": 148634, "output_tokens": 19237, "resolved": true, "measured_gpu_time": 665.6589112281799, "measured_duration": 723.951}, "pytest-dev__pytest-10356": {"log_path": "infer_logs/instance_pytest-dev__pytest-10356.log", "duration": 124.84393405670875, "gpu_time": 62.10122611756076, "cpu_time": 62.74270793914798, "llm_calls": 17, "input_tokens": 182658, "output_tokens": 11596, "resolved": false, "measured_gpu_time": 365.85229206085205, "measured_duration": 428.595}, "django__django-11555": {"log_path": "infer_logs/instance_django__django-11555.log", "duration": 112.2536269541128, "gpu_time": 22.601355078731338, "cpu_time": 89.65227187538147, "llm_calls": 8, "input_tokens": 79493, "output_tokens": 3916, "resolved": false, "measured_gpu_time": 110.18172812461853, "measured_duration": 199.834}, "sympy__sympy-21847": {"log_path": "infer_logs/instance_sympy__sympy-21847.log", "duration": 203.5051141848496, "gpu_time": 107.46354602002415, "cpu_time": 96.04156816482543, "llm_calls": 21, "input_tokens": 231475, "output_tokens": 20727, "resolved": false, "measured_gpu_time": 565.8384318351746, "measured_duration": 661.88}, "scikit-learn__scikit-learn-10844": {"log_path": "infer_logs/instance_scikit-learn__scikit-learn-10844.log", "duration": 78.24658270813923, "gpu_time": 24.183350826043906, "cpu_time": 54.06323188209532, "llm_calls": 6, "input_tokens": 104129, "output_tokens": 4132, "resolved": true, "measured_gpu_time": 119.32076811790466, "measured_duration": 173.384}, "django__django-11066": {"log_path": "infer_logs/instance_django__django-11066.log", "duration": 335.06316020313375, "gpu_time": 163.63289157787426, "cpu_time": 171.4302686252595, "llm_calls": 41, "input_tokens": 845187, "output_tokens": 29562, "resolved": true, "measured_gpu_time": 884.4987313747406, "measured_duration": 1055.929}, "sympy__sympy-22714": {"log_path": "infer_logs/instance_sympy__sympy-22714.log", "duration": 132.98228122947927, "gpu_time": 69.47273451278922, "cpu_time": 63.50954671669007, "llm_calls": 17, "input_tokens": 150924, "output_tokens": 13257, "resolved": true, "measured_gpu_time": 387.34845328330994, "measured_duration": 450.858}, "django__django-13568": {"log_path": "infer_logs/instance_django__django-13568.log", "duration": 66.3917284864228, "gpu_time": 19.307635369662563, "cpu_time": 47.08409311676024, "llm_calls": 5, "input_tokens": 35429, "output_tokens": 3434, "resolved": false, "measured_gpu_time": 93.51490688323975, "measured_duration": 140.599}, "django__django-15127": {"log_path": "infer_logs/instance_django__django-15127.log", "duration": 67.66516532037394, "gpu_time": 19.76618994043011, "cpu_time": 47.898975379943835, "llm_calls": 5, "input_tokens": 34647, "output_tokens": 3532, "resolved": false, "measured_gpu_time": 96.00902462005615,