{"pytest-dev__pytest-6197": {"input_tokens": 16767.0, "output_tokens": 7756.0, "llm_calls": 2.0, "duration": 41.03066295653698, "resolved": false, "cpu_time": 0.0880591869354248, "gpu_time": 40.942603769601554, "measured_gpu_time": 7437.616426944733, "measured_duration": 7437.704486131668}, "django__django-15280": {"input_tokens": 57439.0, "output_tokens": 43607.0, "llm_calls": 2.0, "duration": 223.0159277991831, "resolved": false, "cpu_time": 1.1295714378356934, "gpu_time": 221.8863563613474, "measured_gpu_time": 7437.616426944733, "measured_duration": 7437.704486131668}, "django__django-15278": {"input_tokens": 31149.0, "output_tokens": 1886.0, "llm_calls": 2.0, "duration": 13.050132481711614, "resolved": false, "cpu_time": 0.8364419937133789, "gpu_time": 12.213690487998235, "measured_gpu_time": 7437.616426944733, "measured_duration": 7437.704486131668}, "sympy__sympy-22714": {"input_tokens": 65647.0, "output_tokens": 44412.0, "llm_calls": 2.0, "duration": 227.21234261884965, "resolved": false, "cpu_time": 0.9518842697143555, "gpu_time": 226.2604583491353, "measured_gpu_time": 7437.616426944733, "measured_duration": 7437.704486131668}, "pytest-dev__pytest-10356": {"input_tokens": 20148.0, "output_tokens": 2586.0, "llm_calls": 2.0, "duration": 15.456534328606805, "resolved": false, "cpu_time": 0.21303248405456543, "gpu_time": 15.24350184455224, "measured_gpu_time": 7437.616426944733, "measured_duration": 7437.704486131668}, "django__django-15127": {"input_tokens": 12630.0, "output_tokens": 2082.0, "llm_calls": 2.0, "duration": 13.3150733925916, "resolved": false, "cpu_time": 0.9116275310516357, "gpu_time": 12.403445861539964, "measured_gpu_time": 7437.616426944733, "measured_duration": 7437.704486131668}, "django__django-13343": {"input_tokens": 33264.0, "output_tokens": 4124.0, "llm_calls": 2.0, "duration": 24.194695383666264, "resolved": true, "cpu_time": 0.703669548034668, "gpu_time": 23.491025835631596, "measured_gpu_time": 7437.616426944733, "measured_duration": 7437.704486131668}, "scikit-learn__scikit-learn-10844": {"input_tokens": 22431.0, "output_tokens": 1901.0, "llm_calls": 2.0, "duration": 12.232503228483319, "resolved": true, "cpu_time": 0.31572842597961426, "gpu_time": 11.916774802503705, "measured_gpu_time": 7437.616426944733, "measured_duration": 7437.704486131668}, "django__django-11490": {"input_tokens": 44443.0, "output_tokens": 3833.0, "llm_calls": 2.0, "duration": 23.429117077016805, "resolved": false, "cpu_time": 0.9158370494842529, "gpu_time": 22.513280027532552, "measured_gpu_time": 7437.616426944733, "measured_duration": 7437.704486131668}, "django__django-14053": {"input_tokens": 16044.0, "output_tokens": 4641.0, "llm_calls": 2.0, "duration": 26.16673746533734, "resolved": false, "cpu_time": 0.8259570598602295, "gpu_time": 25.340780405477112, "measured_gpu_time": 7437.616426944733, "measured_duration": 7437.704486131668}, "django__django-14034": {"input_tokens": 34000.0, "output_tokens": 3758.0, "llm_calls": 2.0, "duration": 22.923135930938265, "resolved": false, "cpu_time": 1.230241298675537, "gpu_time": 21.69289463226273, "measured_gpu_time": 7437.616426944733, "measured_duration": 7437.704486131668}, "django__django-11066": {"input_tokens": 42027.0, "output_tokens": 993.0, "llm_calls": 2.0, "duration": 9.494613288628306, "resolved": true, "cpu_time": 1.2807321548461914, "gpu_time": 8.213881133782115, "measured_gpu_time": 7437.616426944733, "measured_duration": 7437.704486131668}, "scikit-learn__scikit-learn-14496": {"input_tokens": 14029.0, "output_tokens": 2437.0, "llm_calls": 2.0, "duration": 14.430032923505173, "resolved": false, "cpu_time": 0.1923658847808838, "gpu_time": 14.23766703872429, "measured_gpu_time": 7437.616426944733, "measured_duration": 7437.704486131668}, "django__django-13568": {"input_tokens": 20890.0, "output_tokens": 2384.0, "llm_calls": 2.0, "duration": 15.68009764055432, "resolved": false, "cpu_time": 1.4146826267242432, "gpu_time": 14.265415013830077, "measured_gpu_time": 7437.616426944733, "measured_duration": 7437.704486131668}, "django__django-12419": {"input_tokens": 18796.0, "output_tokens": 1243.0, "llm_calls": 2.0, "duration": 8.95924933368957, "resolved": true, "cpu_time": 0.48668909072875977, "gpu_time": 8.47256024296081, "measured_gpu_time": 7437.616426944733, "measured_duration": 7437.704486131668}, "scikit-learn__scikit-learn-10908": {"input_tokens": 17927.0, "output_tokens": 4462.0, "llm_calls": 2.0, "duration": 24.724660677559456, "resolved": false, "cpu_time": 0.19832348823547363, "gpu_time": 24.526337189323982, "measured_gpu_time": 7437.616426944733, "measured_duration": 7437.704486131668}, "django__django-15104": {"input_tokens": 44677.0, "output_tokens": 1302.0, "llm_calls": 2.0, "duration": 10.792857585748594, "resolved": true, "cpu_time": 0.9213302135467529, "gpu_time": 9.871527372201841, "measured_gpu_time": 7437.616426944733, "measured_duration": 7437.704486131668}, "matplotlib__matplotlib-25332": {"input_tokens": 54038.0, "output_tokens": 4839.0, "llm_calls": 2.0, "duration": 28.292939023562504, "resolved": false, "cpu_time": 0.34164905548095703, "gpu_time": 27.951289968081547, "measured_gpu_time": 7437.616426944733, "measured_duration": 7437.704486131668}, "django__django-13807": {"input_tokens": 36674.0, "output_tokens": 1562.0, "llm_calls": 2.0, "duration": 12.212164724981433, "resolved": false, "cpu_time": 1.3823683261871338, "gpu_time": 10.829796398794299, "measured_gpu_time": 7437.616426944733, "measured_duration": 7437.704486131668}, "sphinx-doc__sphinx-8721": {"input_tokens": 28410.0, "output_tokens": 2240.0, "llm_calls": 2.0, "duration": 14.012123992522575, "resolved": true, "cpu_time": 0.14573168754577637, "gpu_time": 13.866392304976799, "measured_gpu_time": 7437.616426944733, "measured_duration": 7437.704486131668}, "matplotlib__matplotlib-25287": {"input_tokens": 5614.0, "output_tokens": 516.0, "llm_calls": 1.0, "duration": 4.3761024174923495, "resolved": false, "cpu_time": 0.09992790222167969, "gpu_time": 4.27617451527067, "measured_gpu_time": 7437.616426944733, "measured_duration": 7437.704486131668}, "sphinx-doc__sphinx-11445": {"input_tokens": 25950.0, "output_tokens": 9705.0, "llm_calls": 2.0, "duration": 51.74713187709407, "resolved": false, "cpu_time": 0.6703100204467773, "gpu_time": 51.07682185664729, "measured_gpu_time": 7437.616426944733, "measured_duration": 7437.704486131668}, "django__django-16145": {"input_tokens": 17755.0, "output_tokens": 3162.0, "llm_calls": 2.0, "duration": 19.403587092702843, "resolved": true, "cpu_time": 1.3829100131988525, "gpu_time": 18.02067707950399, "measured_gpu_time": 7437.616426944733, "measured_duration": 7437.704486131668}, "sphinx-doc__sphinx-7462": {"input_tokens": 32181.0, "output_tokens": 4529.0, "llm_calls": 2.0, "duration": 25.578763882481958, "resolved": false, "cpu_time": 0.10945963859558105, "gpu_time": 25.469304243886377, "measured_gpu_time": 7437.616426944733, "measured_duration": 7437.704486131668}, "matplotlib__matplotlib-24149": {"input_tokens": 54809.0, "output_tokens": 2666.0, "llm_calls": 2.0, "duration": 17.619696604819826, "resolved": true, "cpu_time": 0.497713565826416, "gpu_time": 17.12198303899341, "measured_gpu_time": 7437.616426944733, "measured_duration": 7437.704486131668}, "django__django-12713": {"input_tokens": 51505.0, "output_tokens": 40146.0, "llm_calls": 2.0, "duration": 205.00298121226623, "resolved": false, "cpu_time": 0.670295000076294, "gpu_time": 204.33268621218994, "measured_gpu_time": 7437.616426944733, "measured_duration": 7437.704486131668}, "mwaskom__seaborn-3187": {"input_tokens": 32966.0, "output_tokens": 3322.0, "llm_calls": 2.0, "duration": 19.5793744079809, "resolved": false, "cpu_time": 0.11002612113952637, "gpu_time": 19.469348286841374, "measured_gpu_time": 7437.616426944733, "measured_duration": 7437.704486131668}, "django__django-16612": {"input_tokens": 23566.0, "output_tokens": 2476.0, "llm_calls": 2.0, "duration": 16.232841458062666, "resolved": true,