{
  "total_projects": 50,
  "total_tokens": 4815651.0,
  "avg_total_tokens": 96313.02,
  "resolved": 14,
  "avg_resolved": 0.28,
  "input_tokens": 3195539.0,
  "avg_input_tokens": 63910.78,
  "output_tokens": 1620112.0,
  "avg_output_tokens": 32402.24,
  "llm_calls": 4000.0,
  "avg_llm_calls": 80.0,
  "cpu_time": 22740.413182048796,
  "avg_cpu_time": 454.80826364097595,
  "gpu_time": 8307.65439062349,
  "avg_gpu_time": 166.15308781246978,
  "duration": 31048.067572672287,
  "avg_duration": 620.9613514534458,
  "measured_gpu_time": 14794.098888635635,
  "avg_measured_gpu_time": 295.88197777271273,
  "measured_duration": 37534.51207068444,
  "avg_measured_duration": 750.6902414136888,
  "resolved_total_input_tokens": 768330.0,
  "resolved_avg_input_tokens": 54880.71428571428,
  "resolved_total_output_tokens": 403489.0,
  "resolved_avg_output_tokens": 28820.64285714286,
  "resolved_total_llm_calls": 1173.0,
  "resolved_avg_llm_calls": 83.78571428571429,
  "resolved_total_cpu_time": 5468.371624020005,
  "resolved_avg_cpu_time": 390.5979731442861,
  "resolved_total_gpu_time": 2070.1031985191576,
  "resolved_avg_gpu_time": 147.86451417993982,
  "resolved_total_duration": 7538.474822539162,
  "resolved_avg_duration": 538.4624873242259,
  "resolved_total_measured_gpu_time": 4419.880322217941,
  "resolved_avg_measured_gpu_time": 315.70573730128154,
  "resolved_total_measured_duration": 9888.251946237944,
  "resolved_avg_measured_duration": 706.3037104455674,
  "unresolved_total_input_tokens": 2427209.0,
  "unresolved_avg_input_tokens": 67422.47222222222,
  "unresolved_total_output_tokens": 1216623.0,
  "unresolved_avg_output_tokens": 33795.083333333336,
  "unresolved_total_llm_calls": 2827.0,
  "unresolved_avg_llm_calls": 78.52777777777777,
  "unresolved_total_cpu_time": 17272.041558028788,
  "unresolved_avg_cpu_time": 479.77893216746634,
  "unresolved_total_gpu_time": 6237.551192104333,
  "unresolved_avg_gpu_time": 173.265310891787,
  "unresolved_total_duration": 23509.59275013312,
  "unresolved_avg_duration": 653.0442430592534,
  "unresolved_total_measured_gpu_time": 10374.218566417694,
  "unresolved_avg_measured_gpu_time": 288.17273795604706,
  "unresolved_total_measured_duration": 27646.260124446482,
  "unresolved_avg_measured_duration": 767.9516701235134,
  "precision": 0.32558139534883723
}
