{"total_projects": 50, "total_tokens": 1778384.0, "avg_total_tokens": 35567.68, "resolved": 10, "avg_resolved": 0.2, "input_tokens": 1762456.0, "avg_input_tokens": 35249.12, "output_tokens": 15928.0, "avg_output_tokens": 318.56, "llm_calls": 99.0, "avg_llm_calls": 1.98, "cpu_time": 33.48989892005918, "avg_cpu_time": 0.6697979784011836, "gpu_time": 227.67087031495478, "avg_gpu_time": 4.553417406299095, "duration": 261.160769235014, "avg_duration": 5.22321538470028, "measured_gpu_time": 3693.0906534194946, "avg_measured_gpu_time": 73.86181306838989, "measured_duration": 3722.8495001792908, "avg_measured_duration": 74.45699000358582, "resolved_total_input_tokens": 437583.0, "resolved_avg_input_tokens": 43758.3, "resolved_total_output_tokens": 2570.0, "resolved_avg_output_tokens": 257.0, "resolved_total_llm_calls": 20.0, "resolved_avg_llm_calls": 2.0, "resolved_total_cpu_time": 7.8102860450744584, "resolved_avg_cpu_time": 0.7810286045074458, "resolved_total_gpu_time": 46.086852225800406, "resolved_avg_gpu_time": 4.608685222580041, "resolved_total_duration": 53.89713827087487, "resolved_avg_duration": 5.389713827087487, "resolved_total_measured_gpu_time": 738.6181306838989, "resolved_avg_measured_gpu_time": 73.86181306838989, "resolved_total_measured_duration": 744.5699000358582, "resolved_avg_measured_duration": 74.45699000358582, "unresolved_total_input_tokens": 1324873.0, "unresolved_avg_input_tokens": 33121.825, "unresolved_total_output_tokens": 13358.0, "unresolved_avg_output_tokens": 333.95, "unresolved_total_llm_calls": 79.0, "unresolved_avg_llm_calls": 1.975, "unresolved_total_cpu_time": 25.679612874984723, "unresolved_avg_cpu_time": 0.6419903218746181, "unresolved_total_gpu_time": 181.5840180891544, "unresolved_avg_gpu_time": 4.53960045222886, "unresolved_total_duration": 207.26363096413917, "unresolved_avg_duration": 5.181590774103479, "unresolved_total_measured_gpu_time": 2954.4725227355957, "unresolved_avg_measured_gpu_time": 73.86181306838989, "unresolved_total_measured_duration": 2978.2796001434326, "unresolved_avg_measured_duration": 74.45699000358582, "precision": 0.2564102564102564, "token_efficiency_auc": 0.19567715, "cost_efficiency_auc": 0.19352519, "cpu_efficiency_auc": 0.1999155534386635, "gpu_efficiency_auc": 0.19849157499130857}
