{"total_projects": 50, "total_tokens": 2170808.0, "avg_total_tokens": 43416.16, "resolved": 14, "avg_resolved": 0.28, "input_tokens": 1705364.0, "avg_input_tokens": 34107.28, "output_tokens": 465444.0, "avg_output_tokens": 9308.88, "llm_calls": 99.0, "avg_llm_calls": 1.98, "cpu_time": 37.91798520088194, "avg_cpu_time": 0.7583597040176387, "gpu_time": 2472.2354892448784, "avg_gpu_time": 49.44470978489757, "duration": 2510.1534744457604, "avg_duration": 50.203069488915204, "measured_gpu_time": 371880.82134723663, "avg_measured_gpu_time": 7437.616426944733, "measured_duration": 371885.2243065834, "avg_measured_duration": 7437.704486131668, "resolved_total_input_tokens": 474807.0, "resolved_avg_input_tokens": 33914.78571428572, "resolved_total_output_tokens": 41013.0, "resolved_avg_output_tokens": 2929.5, "resolved_total_llm_calls": 28.0, "resolved_avg_llm_calls": 2.0, "resolved_total_cpu_time": 10.728924036025997, "resolved_avg_cpu_time": 0.7663517168589998, "resolved_total_gpu_time": 245.66959731059, "resolved_avg_gpu_time": 17.547828379327857, "resolved_total_duration": 256.398521346616, "resolved_avg_duration": 18.314180096186856, "resolved_total_measured_gpu_time": 104126.62997722626, "resolved_avg_measured_gpu_time": 7437.616426944733, "resolved_total_measured_duration": 104127.86280584335, "resolved_avg_measured_duration": 7437.704486131668, "unresolved_total_input_tokens": 1230557.0, "unresolved_avg_input_tokens": 34182.13888888889, "unresolved_total_output_tokens": 424431.0, "unresolved_avg_output_tokens": 11789.75, "unresolved_total_llm_calls": 71.0, "unresolved_avg_llm_calls": 1.9722222222222223, "unresolved_total_cpu_time": 27.189061164855943, "unresolved_avg_cpu_time": 0.7552516990237762, "unresolved_total_gpu_time": 2226.5658919342886, "unresolved_avg_gpu_time": 61.84905255373024, "unresolved_total_duration": 2253.7549530991446, "unresolved_avg_duration": 62.60430425275402, "unresolved_total_measured_gpu_time": 267754.1913700104, "unresolved_avg_measured_gpu_time": 7437.616426944733, "unresolved_total_measured_duration": 267757.36150074005, "unresolved_avg_measured_duration": 7437.704486131668, "precision": 0.4827586206896552, "token_efficiency_auc": 0.275009105, "cost_efficiency_auc": 0.2730011425, "cpu_efficiency_auc": 0.2798825908846325, "gpu_efficiency_auc": 0.2721526925248149}