{
  "total_projects": 50,
  "total_tokens": 21529045.0,
  "avg_total_tokens": 430580.9,
  "resolved": 14,
  "avg_resolved": 0.28,
  "input_tokens": 20804129.0,
  "avg_input_tokens": 416082.58,
  "output_tokens": 724916.0,
  "avg_output_tokens": 14498.32,
  "llm_calls": 1913.0,
  "avg_llm_calls": 38.26,
  "cpu_time": 475.4200000000001,
  "avg_cpu_time": 9.508400000000002,
  "gpu_time": 4583.984380800636,
  "avg_gpu_time": 91.67968761601273,
  "duration": 5059.404380800638,
  "avg_duration": 101.18808761601277,
  "measured_gpu_time": 5715.549,
  "avg_measured_gpu_time": 114.31098,
  "measured_duration": 6190.968999999999,
  "avg_measured_duration": 123.81937999999998,
  "resolved_total_input_tokens": 1976811.0,
  "resolved_avg_input_tokens": 141200.7857142857,
  "resolved_total_output_tokens": 90430.0,
  "resolved_avg_output_tokens": 6459.285714285715,
  "resolved_total_llm_calls": 292.0,
  "resolved_avg_llm_calls": 20.857142857142858,
  "resolved_total_cpu_time": 85.922,
  "resolved_avg_cpu_time": 6.1372857142857145,
  "resolved_total_gpu_time": 556.7640007520556,
  "resolved_avg_gpu_time": 39.768857196575404,
  "resolved_total_duration": 642.6860007520556,
  "resolved_avg_duration": 45.906142910861114,
  "resolved_total_measured_gpu_time": 702.4759999999999,
  "resolved_avg_measured_gpu_time": 50.17685714285714,
  "resolved_total_measured_duration": 788.3980000000001,
  "resolved_avg_measured_duration": 56.31414285714287,
  "unresolved_total_input_tokens": 18827318.0,
  "unresolved_avg_input_tokens": 522981.05555555556,
  "unresolved_total_output_tokens": 634486.0,
  "unresolved_avg_output_tokens": 17624.61111111111,
  "unresolved_total_llm_calls": 1621.0,
  "unresolved_avg_llm_calls": 45.02777777777778,
  "unresolved_total_cpu_time": 389.498,
  "unresolved_avg_cpu_time": 10.819388888888888,
  "unresolved_total_gpu_time": 4027.220380048581,
  "unresolved_avg_gpu_time": 111.86723277912725,
  "unresolved_total_duration": 4416.71838004858,
  "unresolved_avg_duration": 122.68662166801612,
  "unresolved_total_measured_gpu_time": 5013.073,
  "unresolved_avg_measured_gpu_time": 139.25202777777778,
  "unresolved_total_measured_duration": 5402.571000000001,
  "unresolved_avg_measured_duration": 150.0714166666667,
  "precision": 0.28
}
