{
  "total_projects": 50,
  "total_tokens": 24059328.0,
  "avg_total_tokens": 481186.56,
  "resolved": 14,
  "avg_resolved": 0.28,
  "input_tokens": 22009193.0,
  "avg_input_tokens": 440183.86,
  "output_tokens": 2050135.0,
  "avg_output_tokens": 41002.7,
  "llm_calls": 1774.0,
  "avg_llm_calls": 35.48,
  "cpu_time": 1120.9750000000006,
  "avg_cpu_time": 22.419500000000014,
  "gpu_time": 11259.775860388218,
  "avg_gpu_time": 225.19551720776434,
  "duration": 12380.750860388214,
  "avg_duration": 247.61501720776428,
  "measured_gpu_time": 60795.08400000001,
  "avg_measured_gpu_time": 1215.9016800000002,
  "measured_duration": 61916.059,
  "avg_measured_duration": 1238.32118,
  "resolved_total_input_tokens": 4979485.0,
  "resolved_avg_input_tokens": 355677.5,
  "resolved_total_output_tokens": 391515.0,
  "resolved_avg_output_tokens": 27965.35714285714,
  "resolved_total_llm_calls": 426.0,
  "resolved_avg_llm_calls": 30.428571428571427,
  "resolved_total_cpu_time": 299.3700000000002,
  "resolved_avg_cpu_time": 21.38357142857144,
  "resolved_total_gpu_time": 2189.8899752420025,
  "resolved_avg_gpu_time": 156.4207125172859,
  "resolved_total_duration": 2489.259975242002,
  "resolved_avg_duration": 177.8042839458573,
  "resolved_total_measured_gpu_time": 12369.692,
  "resolved_avg_measured_gpu_time": 883.5494285714285,
  "resolved_total_measured_duration": 12669.061999999998,
  "resolved_avg_measured_duration": 904.9329999999999,
  "unresolved_total_input_tokens": 17029708.0,
  "unresolved_avg_input_tokens": 473047.44444444444,
  "unresolved_total_output_tokens": 1658620.0,
  "unresolved_avg_output_tokens": 46072.77777777778,
  "unresolved_total_llm_calls": 1348.0,
  "unresolved_avg_llm_calls": 37.44444444444444,
  "unresolved_total_cpu_time": 821.6050000000004,
  "unresolved_avg_cpu_time": 22.82236111111112,
  "unresolved_total_gpu_time": 9069.885885146217,
  "unresolved_avg_gpu_time": 251.94127458739493,
  "unresolved_total_duration": 9891.490885146215,
  "unresolved_avg_duration": 274.763635698506,
  "unresolved_total_measured_gpu_time": 48425.39200000001,
  "unresolved_avg_measured_gpu_time": 1345.149777777778,
  "unresolved_total_measured_duration": 49246.99700000001,
  "unresolved_avg_measured_duration": 1367.9721388888893,
  "precision": 0.28,
  "token_efficiency_auc": 0.028018901537965372,
  "cost_efficiency_auc": 0.025747547519039005,
  "cpu_efficiency_auc": 0.010609319925550814,
  "gpu_efficiency_auc": 0.226810385564873
}
