{"total_projects": 50, "total_tokens": 9849456.0, "avg_total_tokens": 196989.12, "resolved": 6, "avg_resolved": 0.12, "input_tokens": 9687437.0, "avg_input_tokens": 193748.74, "output_tokens": 162019.0, "avg_output_tokens": 3240.38, "llm_calls": 1456.0, "avg_llm_calls": 29.12, "cpu_time": 747.981, "avg_cpu_time": 14.95962, "gpu_time": 1089.9758142480184, "avg_gpu_time": 21.79951628496037, "duration": 1837.9568142480186, "avg_duration": 36.75913628496037, "measured_gpu_time": 2422.3870000000006, "avg_measured_gpu_time": 48.44774000000001, "measured_duration": 3170.3680000000004, "avg_measured_duration": 63.40736000000001, "resolved_total_input_tokens": 158258.0, "resolved_avg_input_tokens": 26376.333333333332, "resolved_total_output_tokens": 9616.0, "resolved_avg_output_tokens": 1602.6666666666667, "resolved_total_llm_calls": 76.0, "resolved_avg_llm_calls": 12.666666666666666, "resolved_total_cpu_time": 50.614999999999995, "resolved_avg_cpu_time": 8.435833333333333, "resolved_total_gpu_time": 61.354008843138594, "resolved_avg_gpu_time": 10.2256681405231, "resolved_total_duration": 111.9690088431386, "resolved_avg_duration": 18.661501473856433, "resolved_total_measured_gpu_time": 149.888, "resolved_avg_measured_gpu_time": 24.981333333333335, "resolved_total_measured_duration": 200.50300000000001, "resolved_avg_measured_duration": 33.41716666666667, "unresolved_total_input_tokens": 9529179.0, "unresolved_avg_input_tokens": 216572.25, "unresolved_total_output_tokens": 152403.0, "unresolved_avg_output_tokens": 3463.7045454545455, "unresolved_total_llm_calls": 1380.0, "unresolved_avg_llm_calls": 31.363636363636363, "unresolved_total_cpu_time": 697.366, "unresolved_avg_cpu_time": 15.849227272727273, "unresolved_total_gpu_time": 1028.62180540488, "unresolved_avg_gpu_time": 23.377768304656364, "unresolved_total_duration": 1725.9878054048802, "unresolved_avg_duration": 39.22699557738364, "unresolved_total_measured_gpu_time": 2272.499, "unresolved_avg_measured_gpu_time": 51.64770454545454, "unresolved_total_measured_duration": 2969.8650000000002, "unresolved_avg_measured_duration": 67.49693181818182, "precision": 0.14285714285714285}