{"total_projects": 50, "total_tokens": 24059328.0, "avg_total_tokens": 481186.56, "resolved": 14, "avg_resolved": 0.28, "input_tokens": 22009193.0, "avg_input_tokens": 440183.86, "output_tokens": 2050135.0, "avg_output_tokens": 41002.7, "llm_calls": 1774.0, "avg_llm_calls": 35.48, "cpu_time": 1120.9750000000006, "avg_cpu_time": 22.419500000000014, "gpu_time": 10518.309268222149, "avg_gpu_time": 210.36618536444297, "duration": 11639.284268222147, "avg_duration": 232.78568536444294, "measured_gpu_time": 60795.08400000001, "avg_measured_gpu_time": 1215.9016800000002, "measured_duration": 61916.059, "avg_measured_duration": 1238.32118, "resolved_total_input_tokens": 4979485.0, "resolved_avg_input_tokens": 355677.5, "resolved_total_output_tokens": 391515.0, "resolved_avg_output_tokens": 27965.35714285714, "resolved_total_llm_calls": 426.0, "resolved_avg_llm_calls": 30.428571428571427, "resolved_total_cpu_time": 299.3700000000002, "resolved_avg_cpu_time": 21.38357142857144, "resolved_total_gpu_time": 2033.8708478033116, "resolved_avg_gpu_time": 145.27648912880798, "resolved_total_duration": 2333.240847803312, "resolved_avg_duration": 166.66006055737944, "resolved_total_measured_gpu_time": 12369.692, "resolved_avg_measured_gpu_time": 883.5494285714285, "resolved_total_measured_duration": 12669.061999999998, "resolved_avg_measured_duration": 904.9329999999999, "unresolved_total_input_tokens": 17029708.0, "unresolved_avg_input_tokens": 473047.44444444444, "unresolved_total_output_tokens": 1658620.0, "unresolved_avg_output_tokens": 46072.77777777778, "unresolved_total_llm_calls": 1348.0, "unresolved_avg_llm_calls": 37.44444444444444, "unresolved_total_cpu_time": 821.6050000000004, "unresolved_avg_cpu_time": 22.82236111111112, "unresolved_total_gpu_time": 8484.438420418835, "unresolved_avg_gpu_time": 235.6788450116343, "unresolved_total_duration": 9306.043420418835, "unresolved_avg_duration": 258.50120612274543, "unresolved_total_measured_gpu_time": 48425.39200000001, "unresolved_avg_measured_gpu_time": 1345.149777777778, "unresolved_total_measured_duration": 49246.99700000001, "unresolved_avg_measured_duration": 1367.9721388888893, "precision": 0.28}