{"total_projects": 50, "total_tokens": 14542740.0, "avg_total_tokens": 290854.8, "resolved": 6, "avg_resolved": 0.12, "input_tokens": 13832576.0, "avg_input_tokens": 276651.52, "output_tokens": 710164.0, "avg_output_tokens": 14203.28, "llm_calls": 1975.0, "avg_llm_calls": 39.5, "cpu_time": 733.0620000000001, "avg_cpu_time": 14.661240000000003, "gpu_time": 4212.847794022456, "avg_gpu_time": 84.25695588044911, "duration": 4945.909794022457, "avg_duration": 98.91819588044915, "measured_gpu_time": 13273.623, "avg_measured_gpu_time": 265.47246, "measured_duration": 14006.684999999998, "avg_measured_duration": 280.1337, "resolved_total_input_tokens": 133045.0, "resolved_avg_input_tokens": 22174.166666666668, "resolved_total_output_tokens": 19293.0, "resolved_avg_output_tokens": 3215.5, "resolved_total_llm_calls": 60.0, "resolved_avg_llm_calls": 10.0, "resolved_total_cpu_time": 17.598, "resolved_avg_cpu_time": 2.933, "resolved_total_gpu_time": 110.8597370523419, "resolved_avg_gpu_time": 18.476622842056983, "resolved_total_duration": 128.45773705234194, "resolved_avg_duration": 21.40962284205699, "resolved_total_measured_gpu_time": 317.368, "resolved_avg_measured_gpu_time": 52.894666666666666, "resolved_total_measured_duration": 334.966, "resolved_avg_measured_duration": 55.827666666666666, "unresolved_total_input_tokens": 13699531.0, "unresolved_avg_input_tokens": 311352.9772727273, "unresolved_total_output_tokens": 690871.0, "unresolved_avg_output_tokens": 15701.613636363636, "unresolved_total_llm_calls": 1915.0, "unresolved_avg_llm_calls": 43.52272727272727, "unresolved_total_cpu_time": 715.4640000000002, "unresolved_avg_cpu_time": 16.260545454545458, "unresolved_total_gpu_time": 4101.988056970114, "unresolved_avg_gpu_time": 93.2270012947753, "unresolved_total_duration": 4817.452056970114, "unresolved_avg_duration": 109.48754674932079, "unresolved_total_measured_gpu_time": 12956.255, "unresolved_avg_measured_gpu_time": 294.4603409090909, "unresolved_total_measured_duration": 13671.719, "unresolved_avg_measured_duration": 310.72088636363634, "precision": 0.12}