{
    "total_projects": 50,
    "total_tokens": 3791166.0,
    "avg_total_tokens": 75823.32,
    "resolved": 19,
    "avg_resolved": 0.38,
    "input_tokens": 2773165.0,
    "avg_input_tokens": 55463.3,
    "output_tokens": 1018001.0,
    "avg_output_tokens": 20360.02,
    "llm_calls": 735.0,
    "avg_llm_calls": 14.7,
    "cpu_time": 1723.1909999999993,
    "avg_cpu_time": 34.463819999999984,
    "gpu_time": 5093.407311580252,
    "avg_gpu_time": 101.86814623160504,
    "duration": 6816.598311580252,
    "avg_duration": 136.33196623160504,
    "measured_gpu_time": 32075.027,
    "avg_measured_gpu_time": 641.50054,
    "measured_duration": 33798.21799999999,
    "avg_measured_duration": 675.9643599999998,
    "resolved_total_input_tokens": 679405.0,
    "resolved_avg_input_tokens": 35758.15789473684,
    "resolved_total_output_tokens": 292319.0,
    "resolved_avg_output_tokens": 15385.21052631579,
    "resolved_total_llm_calls": 236.0,
    "resolved_avg_llm_calls": 12.421052631578947,
    "resolved_total_cpu_time": 105.118,
    "resolved_avg_cpu_time": 5.5325263157894735,
    "resolved_total_gpu_time": 1468.755568139167,
    "resolved_avg_gpu_time": 77.30292463890353,
    "resolved_total_duration": 1573.8735681391672,
    "resolved_avg_duration": 82.83545095469302,
    "resolved_total_measured_gpu_time": 10591.318,
    "resolved_avg_measured_gpu_time": 557.4377894736841,
    "resolved_total_measured_duration": 10696.436,
    "resolved_avg_measured_duration": 562.9703157894737,
    "unresolved_total_input_tokens": 2093760.0,
    "unresolved_avg_input_tokens": 67540.64516129032,
    "unresolved_total_output_tokens": 725682.0,
    "unresolved_avg_output_tokens": 23409.09677419355,
    "unresolved_total_llm_calls": 499.0,
    "unresolved_avg_llm_calls": 16.096774193548388,
    "unresolved_total_cpu_time": 1618.0729999999996,
    "unresolved_avg_cpu_time": 52.19590322580644,
    "unresolved_total_gpu_time": 3624.6517434410853,
    "unresolved_avg_gpu_time": 116.9242497884221,
    "unresolved_total_duration": 5242.724743441085,
    "unresolved_avg_duration": 169.12015301422855,
    "unresolved_total_measured_gpu_time": 21483.709000000006,
    "unresolved_avg_measured_gpu_time": 693.0228709677422,
    "unresolved_total_measured_duration": 23101.782000000007,
    "unresolved_avg_measured_duration": 745.2187741935486,
    "precision": 0.38
}