{"astropy__astropy-14369": {"input_tokens": 45602, "output_tokens": 34361, "cpu_time": 258.7581163805401, "gpu_time": 175.16333669036823, "resolved": false, "duration": 433.92145307090834, "llm_calls": 85, "measured_gpu_time": 268.8811311721802, "measured_duration": 527.6392475527202}, "astropy__astropy-8707": {"input_tokens": 21797, "output_tokens": 27517, "cpu_time": 317.09053982910274, "gpu_time": 139.93668189136125, "resolved": false, "duration": 457.027221720464, "llm_calls": 85, "measured_gpu_time": 165.78076815605164, "measured_duration": 482.8713079851544}, "django__django-16493": {"input_tokens": 27142, "output_tokens": 28560, "cpu_time": 332.78638805565, "gpu_time": 145.3783457015539, "resolved": false, "duration": 478.16473375720386, "llm_calls": 85, "measured_gpu_time": 239.77703428268433, "measured_duration": 572.5634223383342}, "django__django-15278": {"input_tokens": 24384, "output_tokens": 33149, "cpu_time": 346.9340187471783, "gpu_time": 168.1997733924528, "resolved": false, "duration": 515.1337921396312, "llm_calls": 85, "measured_gpu_time": 261.05116176605225, "measured_duration": 607.9851805132305}, "django__django-13343": {"input_tokens": 28965, "output_tokens": 25052, "cpu_time": 362.7875734728253, "gpu_time": 127.92063775462482, "resolved": false, "duration": 490.7082112274501, "llm_calls": 85, "measured_gpu_time": 136.4191870689392, "measured_duration": 499.2067605417645}, "django__django-14053": {"input_tokens": 35585, "output_tokens": 33513, "cpu_time": 378.2001000803387, "gpu_time": 170.4971210481582, "resolved": false, "duration": 548.697221128497, "llm_calls": 85, "measured_gpu_time": 238.0198781490326, "measured_duration": 616.2199782293712}, "django__django-11066": {"input_tokens": 21994, "output_tokens": 28422, "cpu_time": 385.56030048545955, "gpu_time": 144.46891805576277, "resolved": true, "duration": 530.0292185412223, "llm_calls": 85, "measured_gpu_time": 146.11023950576782, "measured_duration": 531.6705399912273}, "django__django-12419": {"input_tokens": 22124, "output_tokens": 28498, "cpu_time": 394.25390948471187, "gpu_time": 144.85436560541132, "resolved": true, "duration": 539.1082750901232, "llm_calls": 85, "measured_gpu_time": 117.11378192901611, "measured_duration": 511.367691413728}, "django__django-15104": {"input_tokens": 35495, "output_tokens": 26484, "cpu_time": 439.80819214996455, "gpu_time": 135.35734997078012, "resolved": true, "duration": 575.1655421207447, "llm_calls": 85, "measured_gpu_time": 141.95770716667175, "measured_duration": 581.7658993166363}, "django__django-13807": {"input_tokens": 19230, "output_tokens": 25149, "cpu_time": 447.790579215852, "gpu_time": 127.99023264034442, "resolved": false, "duration": 575.7808118561965, "llm_calls": 65, "measured_gpu_time": 155.505389213562, "measured_duration": 603.295968429414}, "django__django-16145": {"input_tokens": 20173, "output_tokens": 29567, "cpu_time": 457.8755644720471, "gpu_time": 150.11475984937593, "resolved": true, "duration": 607.990324321423, "llm_calls": 85, "measured_gpu_time": 119.64009761810303, "measured_duration": 577.51566209015}, "django__django-12713": {"input_tokens": 29463, "output_tokens": 34898, "cpu_time": 474.41045536216853, "gpu_time": 177.15917923834147, "resolved": false, "duration": 651.56963460051, "llm_calls": 85, "measured_gpu_time": 158.97900342941284, "measured_duration": 633.3894587915813}, "django__django-16612": {"input_tokens": 29476, "output_tokens": 27644, "cpu_time": 491.3079077165997, "gpu_time": 140.89909225565734, "resolved": true, "duration": 632.206999972257, "llm_calls": 85, "measured_gpu_time": 140.85499143600464, "measured_duration": 632.1628991526043}, "django__django-15380": {"input_tokens": 36877, "output_tokens": 33419, "cpu_time": 535.6690071981823, "gpu_time": 170.08235703096437, "resolved": false, "duration": 705.7513642291467, "llm_calls": 85, "measured_gpu_time": 192.43935370445251, "measured_duration": 728.1083609026348}, "django__django-11885": {"input_tokens": 32418, "output_tokens": 37731, "cpu_time": 549.2094170015728, "gpu_time": 191.44658006535548, "resolved": false, "duration": 740.6559970669282, "llm_calls": 85, "measured_gpu_time": 270.2345802783966, "measured_duration": 819.4439972799694}, "django__django-14089": {"input_tokens": 14215, "output_tokens": 19941, "cpu_time": 549.4579020899212, "gpu_time": 101.74301942529921, "resolved": false, "duration": 651.2009215152203, "llm_calls": 55, "measured_gpu_time": 146.19919228553772, "measured_duration": 695.6570943754589}, "django__django-11555": {"input_tokens": 25298, "output_tokens": 33219, "cpu_time": 602.4810131948864, "gpu_time": 168.58867290457047, "resolved": false, "duration": 771.0696860994568, "llm_calls": 85, "measured_gpu_time": 291.5471405982971, "measured_duration": 894.0281537931835}, "django__django-17087": {"input_tokens": 45887, "output_tokens": 19688, "cpu_time": 602.5063973825847, "gpu_time": 101.82942413070236, "resolved": false, "duration": 704.3358215132871, "llm_calls": 49, "measured_gpu_time": 141.60192275047302, "measured_duration": 744.1083201330578}, "django__django-11477": {"input_tokens": 21909, "output_tokens": 24213, "cpu_time": 620.0805524748241, "gpu_time": 123.42572216058066, "resolved": false, "duration": 743.5062746354048, "llm_calls": 85, "measured_gpu_time": 161.23675727844238, "measured_duration": 781.3173097532665}, "django__django-11239": {"input_tokens": 25397, "output_tokens": 34039, "cpu_time": 631.0539661806499, "gpu_time": 172.69183820059084, "resolved": false, "duration": 803.7458043812408, "llm_calls": 85, "measured_gpu_time": 143.3993785381317, "measured_duration": 774.4533447187816}, "django__django-15280": {"input_tokens": 73894, "output_tokens": 34011, "cpu_time": 677.2086652677929, "gpu_time": 174.62068098832862, "resolved": false, "duration": 851.8293462561214, "llm_calls": 85, "measured_gpu_time": 196.4441487789154, "measured_duration": 873.6528140467083}, "django__django-15127": {"input_tokens": 17576, "output_tokens": 29268, "cpu_time": 679.9544462126171, "gpu_time": 148.50936160750462, "resolved": false, "duration": 828.4638078201217, "llm_calls": 85, "measured_gpu_time": 215.09626603126526, "measured_duration": 895.0507122438823}, "django__django-11490": {"input_tokens": 22012, "output_tokens": 30510, "cpu_time": 731.0816213053142, "gpu_time": 154.9069921582363, "resolved": false, "duration": 885.9886134635506, "llm_calls": 85, "measured_gpu_time": 228.73449802398682, "measured_duration": 959.816119329301}, "django__django-14034": {"input_tokens": 27935, "output_tokens": 29076, "cpu_time": 764.5188111227428, "gpu_time": 147.99150815264923, "resolved": false, "duration": 912.510319275392, "llm_calls": 85, "measured_gpu_time": 243.18616819381714, "measured_duration": 1007.70497931656}, "django__django-13568": {"input_tokens": 25493, "output_tokens": 33598, "cpu_time": 804.0629118841564, "gpu_time": 170.49150234990884, "resolved": false, "duration": 974.5544142340652, "llm_calls": 85, "measured_gpu_time": 221.59160017967224, "measured_duration": 1025.6545120638286}, "matplotlib__matplotlib-25332": {"input_tokens": 25925, "output_tokens": 25395, "cpu_time": 855.9969300192272, "gpu_time": 129.5055135705109, "resolved": false, "duration": 985.502443589738, "llm_calls": 85, "measured_gpu_time": 188.76945567131042, "measured_duration": 1044.7663856905376}, "matplotlib__matplotlib-25287": {"input_tokens": 44673, "output_tokens": 26091, "cpu_time": 920.16991366562, "gpu_time": 133.78437620307787, "resolved": false, "duration": 1053.954289868698, "llm_calls": 85, "measured_gpu_time": 117.42253851890564, "measured_duration": 1037.5924521845257}, "matplotlib__matplotlib-24149": {"input_tokens": 67731, "output_tokens": 24423, "cpu_time": 1052.3586102884688, "gpu_time": 126.43014655860608, "resolved": true, "duration": 1178.7887568470749, "llm_calls": 85, "measured_gpu_time": 211.0640172958374, "measured_duration": 1263.4226275843062},