{
  "total_projects": 50,
  "total_tokens": 2855397.0,
  "avg_total_tokens": 57107.94,
  "resolved": 13,
  "avg_resolved": 0.26,
  "input_tokens": 1470720.0,
  "avg_input_tokens": 29414.4,
  "output_tokens": 1384677.0,
  "avg_output_tokens": 27693.54,
  "llm_calls": 4117.0,
  "avg_llm_calls": 82.34,
  "cpu_time": 44451.05058345037,
  "avg_cpu_time": 889.0210116690074,
  "gpu_time": 7057.20502916629,
  "avg_gpu_time": 141.1441005833258,
  "duration": 51508.25561261667,
  "avg_duration": 1030.1651122523333,
  "measured_gpu_time": 8857.572245836258,
  "avg_measured_gpu_time": 177.15144491672515,
  "measured_duration": 53308.62282928663,
  "avg_measured_duration": 1066.1724565857326,
  "resolved_total_input_tokens": 369721.0,
  "resolved_avg_input_tokens": 28440.076923076922,
  "resolved_total_output_tokens": 325184.0,
  "resolved_avg_output_tokens": 25014.153846153848,
  "resolved_total_llm_calls": 1091.0,
  "resolved_avg_llm_calls": 83.92307692307692,
  "resolved_total_cpu_time": 12908.497464984835,
  "resolved_avg_cpu_time": 992.961343460372,
  "resolved_total_gpu_time": 1660.2178243074438,
  "resolved_avg_gpu_time": 127.70906340826491,
  "resolved_total_duration": 14568.715289292277,
  "resolved_avg_duration": 1120.6704068686367,
  "resolved_total_measured_gpu_time": 1901.918952703476,
  "resolved_avg_measured_gpu_time": 146.3014579002674,
  "resolved_total_measured_duration": 14810.416417688311,
  "resolved_avg_measured_duration": 1139.2628013606393,
  "unresolved_total_input_tokens": 1100999.0,
  "unresolved_avg_input_tokens": 29756.72972972973,
  "unresolved_total_output_tokens": 1059493.0,
  "unresolved_avg_output_tokens": 28634.945945945947,
  "unresolved_total_llm_calls": 3026.0,
  "unresolved_avg_llm_calls": 81.78378378378379,
  "unresolved_total_cpu_time": 31542.553118465545,
  "unresolved_avg_cpu_time": 852.5014356342039,
  "unresolved_total_gpu_time": 5396.987204858845,
  "unresolved_avg_gpu_time": 145.86451905023904,
  "unresolved_total_duration": 36939.540323324385,
  "unresolved_avg_duration": 998.3659546844428,
  "unresolved_total_measured_gpu_time": 6955.653293132782,
  "unresolved_avg_measured_gpu_time": 187.99062954412923,
  "unresolved_total_measured_duration": 38498.20641159832,
  "unresolved_avg_measured_duration": 1040.492065178333,
  "precision": 0.2765957446808511,
  "token_efficiency_auc": 0.002460804640682057,
  "cost_efficiency_auc": 0.0012499247712133045,
  "cpu_efficiency_auc": 0.2941360001067211,
  "gpu_efficiency_auc": 0.11244156301343652
}
