{
  "total_projects": 50,
  "total_tokens": 2855397.0,
  "avg_total_tokens": 57107.94,
  "resolved": 13,
  "avg_resolved": 0.26,
  "input_tokens": 1470720.0,
  "avg_input_tokens": 29414.4,
  "output_tokens": 1384677.0,
  "avg_output_tokens": 27693.54,
  "llm_calls": 4117.0,
  "avg_llm_calls": 82.34,
  "cpu_time": 44451.05058345037,
  "avg_cpu_time": 889.0210116690074,
  "gpu_time": 6844.317804747642,
  "avg_gpu_time": 136.88635609495284,
  "duration": 51295.36838819803,
  "avg_duration": 1025.9073677639606,
  "measured_gpu_time": 8857.572245836258,
  "avg_measured_gpu_time": 177.15144491672515,
  "measured_duration": 53308.62282928663,
  "avg_measured_duration": 1066.1724565857326,
  "resolved_total_input_tokens": 369721.0,
  "resolved_avg_input_tokens": 28440.076923076922,
  "resolved_total_output_tokens": 325184.0,
  "resolved_avg_output_tokens": 25014.153846153848,
  "resolved_total_llm_calls": 1091.0,
  "resolved_avg_llm_calls": 83.92307692307692,
  "resolved_total_cpu_time": 12908.497464984835,
  "resolved_avg_cpu_time": 992.961343460372,
  "resolved_total_gpu_time": 1610.2405775647574,
  "resolved_avg_gpu_time": 123.86465981267364,
  "resolved_total_duration": 14518.738042549592,
  "resolved_avg_duration": 1116.8260032730454,
  "resolved_total_measured_gpu_time": 1901.918952703476,
  "resolved_avg_measured_gpu_time": 146.3014579002674,
  "resolved_total_measured_duration": 14810.416417688311,
  "resolved_avg_measured_duration": 1139.2628013606393,
  "unresolved_total_input_tokens": 1100999.0,
  "unresolved_avg_input_tokens": 29756.72972972973,
  "unresolved_total_output_tokens": 1059493.0,
  "unresolved_avg_output_tokens": 28634.945945945947,
  "unresolved_total_llm_calls": 3026.0,
  "unresolved_avg_llm_calls": 81.78378378378379,
  "unresolved_total_cpu_time": 31542.553118465545,
  "unresolved_avg_cpu_time": 852.5014356342039,
  "unresolved_total_gpu_time": 5234.077227182886,
  "unresolved_avg_gpu_time": 141.46154668061854,
  "unresolved_total_duration": 36776.63034564843,
  "unresolved_avg_duration": 993.9629823148225,
  "unresolved_total_measured_gpu_time": 6955.653293132782,
  "unresolved_avg_measured_gpu_time": 187.99062954412923,
  "unresolved_total_measured_duration": 38498.20641159832,
  "unresolved_avg_measured_duration": 1040.492065178333,
  "precision": 0.2765957446808511
}

