{
    "astropy__astropy-14369": {
        "input_tokens": 83379,
        "output_tokens": 48207,
        "cpu_time": 112.5103462272644,
        "gpu_time": 245.98698194966914,
        "resolved": false,
        "duration": 358.49732817693354,
        "llm_calls": 85,
        "measured_gpu_time": 346.46334433555603,
        "measured_duration": 458.9736905628204
    },
    "astropy__astropy-8707": {
        "input_tokens": 42261,
        "output_tokens": 34881,
        "cpu_time": 131.51173644599913,
        "gpu_time": 177.6201439644928,
        "resolved": false,
        "duration": 309.13188041049193,
        "llm_calls": 85,
        "measured_gpu_time": 258.0037257671356,
        "measured_duration": 389.51546221313475
    },
    "django__django-16493": {
        "input_tokens": 47918,
        "output_tokens": 25561,
        "cpu_time": 143.57674580154418,
        "gpu_time": 131.2734866192189,
        "resolved": true,
        "duration": 274.85023242076306,
        "llm_calls": 85,
        "measured_gpu_time": 282.0449674129486,
        "measured_duration": 425.6217132144928
    },
    "django__django-15278": {
        "input_tokens": 58169,
        "output_tokens": 39693,
        "cpu_time": 178.53432517585753,
        "gpu_time": 202.35254651737375,
        "resolved": true,
        "duration": 380.8868716932313,
        "llm_calls": 86,
        "measured_gpu_time": 491.3022983074188,
        "measured_duration": 669.8366234832763
    },
    "django__django-13343": {
        "input_tokens": 53109,
        "output_tokens": 35642,
        "cpu_time": 188.42191224632262,
        "gpu_time": 181.88692101504793,
        "resolved": false,
        "duration": 370.3088332613705,
        "llm_calls": 89,
        "measured_gpu_time": 344.1109962463379,
        "measured_duration": 532.5329084926605
    },
    "django__django-14053": {
        "input_tokens": 69874,
        "output_tokens": 22618,
        "cpu_time": 191.79901867446898,
        "gpu_time": 117.49889225722603,
        "resolved": false,
        "duration": 309.297910931695,
        "llm_calls": 59,
        "measured_gpu_time": 267.2325117588043,
        "measured_duration": 459.0315304332733
    },
    "django__django-11066": {
        "input_tokens": 67848,
        "output_tokens": 18803,
        "cpu_time": 200.6477823787689,
        "gpu_time": 98.34238801468088,
        "resolved": true,
        "duration": 298.9901703934498,
        "llm_calls": 89,
        "measured_gpu_time": 212.52145409584045,
        "measured_duration": 413.16923647460936
    },
    "django__django-12419": {
        "input_tokens": 61012,
        "output_tokens": 21432,
        "cpu_time": 199.39094739494323,
        "gpu_time": 111.1923831775205,
        "resolved": true,
        "duration": 310.58333057246375,
        "llm_calls": 59,
        "measured_gpu_time": 514.2643532752991,
        "measured_duration": 713.6553006702422
    },
    "django__django-15104": {
        "input_tokens": 99733,
        "output_tokens": 21028,
        "cpu_time": 244.73414593276976,
        "gpu_time": 110.82468207668657,
        "resolved": true,
        "duration": 355.5588280094563,
        "llm_calls": 87,
        "measured_gpu_time": 226.07619428634644,
        "measured_duration": 470.8103402191162
    },
    "django__django-13807": {
        "input_tokens": 68254,
        "output_tokens": 39074,
        "cpu_time": 262.88230519828795,
        "gpu_time": 199.68855552520856,
        "resolved": false,
        "duration": 462.5708607234965,
        "llm_calls": 89,
        "measured_gpu_time": 330.575697183609,
        "measured_duration": 593.4580023818969
    },
    "django__django-16145": {
        "input_tokens": 44867,
        "output_tokens": 30755,
        "cpu_time": 267.4274602466583,
        "gpu_time": 157.10663486887083,
        "resolved": true,
        "duration": 424.5340951155291,
        "llm_calls": 86,
        "measured_gpu_time": 318.1684672832489,
        "measured_duration": 585.5959275299072
    },
    "django__django-12713": {
        "input_tokens": 54361,
        "output_tokens": 31898,
        "cpu_time": 280.5635514789581,
        "gpu_time": 163.22515956129308,
        "resolved": false,
        "duration": 443.7887110402512,
        "llm_calls": 79,
        "measured_gpu_time": 322.90301275253296,
        "measured_duration": 603.466564231491
    },
    "django__django-16612": {
        "input_tokens": 53424,
        "output_tokens": 26689,
        "cpu_time": 289.4081264072418,
        "gpu_time": 137.1469087799024,
        "resolved": true,
        "duration": 426.5550351871442,
        "llm_calls": 79,
        "measured_gpu_time": 329.68579483032227,
        "measured_duration": 619.093921237564
    },
    "django__django-15380": {
        "input_tokens": 62177,
        "output_tokens": 27726,
        "cpu_time": 323.7199581199646,
        "gpu_time": 142.70396031535498,
        "resolved": true,
        "duration": 466.4239184353196,
        "llm_calls": 87,
        "measured_gpu_time": 348.5005521774292,
        "measured_duration": 672.2205102973937
    },
    "django__django-11885": {
        "input_tokens": 75746,
        "output_tokens": 66080,
        "cpu_time": 338.8631272846222,
        "gpu_time": 335.003311894951,
        "resolved": false,
        "duration": 673.8664391795733,
        "llm_calls": 89,
        "measured_gpu_time": 571.8893115520477,
        "measured_duration": 910.7524388366699
    },
    "django__django-14089": {
        "input_tokens": 39168,
        "output_tokens": 23143,
        "cpu_time": 340.79305487213134,
        "gpu_time": 118.81334470093401,
        "resolved": true,
        "duration": 459.60639957306535,
        "llm_calls": 87,
        "measured_gpu_time": 587.6234591007233,
        "measured_duration": 928.4165139728545
    },
    "django__django-11555": {
        "input_tokens": 81929,
        "output_tokens": 37998,
        "cpu_time": 403.9637115531921,
        "gpu_time": 194.89329793509265,
        "resolved": false,
        "duration": 598.8570094882848,
        "llm_calls": 89,
        "measured_gpu_time": 616.6807672977448,
        "measured_duration": 1020.6444788509368
    },
    "django__django-17087": {
        "input_tokens": 71946,
        "output_tokens": 27852,
        "cpu_time": 402.442751222229,
        "gpu_time": 143.75052812228876,
        "resolved": false,
        "duration": 546.1932793445178,
        "llm_calls": 69,
        "measured_gpu_time": 356.098206281662,
        "measured_duration": 758.5409575038909
    },
    "django__django-11477": {
        "input_tokens": 55261,
        "output_tokens": 50757,
        "cpu_time": 401.5704048210144,
        "gpu_time": 257.5342219794738,
        "resolved": false,
        "duration": 659.1046268004882,
        "llm_calls": 87,
        "measured_gpu_time": 506.23450899124146,
        "measured_duration": 907.8049138122558
    },
    "django__django-11239": {
        "input_tokens": 45819,
        "output_tokens": 41931,
        "cpu_time": 404.18034391937255,
        "gpu_time": 213.0128274409335,
        "resolved": false,
        "duration": 617.193171360306,
        "llm_calls": 85,
        "measured_gpu_time": 404.22177958488464,
        "measured_duration": 808.4021235042571
    },
    "django__django-15280": {
        "input_tokens": 80829,
        "output_tokens": 42259,
        "cpu_time": 442.2577267223358,
        "gpu_time": 216.14587648582796,
        "resolved": false,
        "duration": 658.4036032081638,
        "llm_calls": 76,
        "measured_gpu_time": 271.57792592048645,
        "measured_duration": 713.8356526428222
    },
    "django__django-15127": {
        "input_tokens": 32510,
        "output_tokens": 36705,
        "cpu_time": 441.70152454910277,
        "gpu_time": 186.3218282952045,
        "resolved": false,
        "duration": 628.0233528443073,
        "llm_calls": 85,
        "measured_gpu_time": 296.9378652572632,