{
    "total_projects": 50,
    "total_tokens": 3367323.0,
    "avg_total_tokens": 67346.46,
    "resolved": 24,
    "avg_resolved": 0.48,
    "input_tokens": 1298273.0,
    "avg_input_tokens": 25965.46,
    "output_tokens": 2069050.0,
    "avg_output_tokens": 41381.0,
    "llm_calls": 4153.0,
    "avg_llm_calls": 83.06,
    "cpu_time": 36395.753749303825,
    "avg_cpu_time": 727.9150749860765,
    "gpu_time": 10161.208569704298,
    "avg_gpu_time": 203.22417139408597,
    "duration": 46556.96231900812,
    "avg_duration": 931.1392463801624,
    "measured_gpu_time": 356821.6478571892,
    "avg_measured_gpu_time": 7136.432957143784,
    "measured_duration": 393217.40160649293,
    "avg_measured_duration": 7864.348032129858,
    "resolved_total_input_tokens": 590340.0,
    "resolved_avg_input_tokens": 24597.5,
    "resolved_total_output_tokens": 714606.0,
    "resolved_avg_output_tokens": 29775.25,
    "resolved_total_llm_calls": 2005.0,
    "resolved_avg_llm_calls": 83.54166666666667,
    "resolved_total_cpu_time": 16264.238418299105,
    "resolved_avg_cpu_time": 677.6766007624627,
    "resolved_total_gpu_time": 3525.181623189471,
    "resolved_avg_gpu_time": 146.88256763289462,
    "resolved_total_duration": 19789.420041488574,
    "resolved_avg_duration": 824.5591683953572,
    "resolved_total_measured_gpu_time": 136657.3200173378,
    "resolved_avg_measured_gpu_time": 5694.055000722408,
    "resolved_total_measured_duration": 152921.55843563692,
    "resolved_avg_measured_duration": 6371.731601484872,
    "unresolved_total_input_tokens": 707933.0,
    "unresolved_avg_input_tokens": 27228.19230769231,
    "unresolved_total_output_tokens": 1354444.0,
    "unresolved_avg_output_tokens": 52094.0,
    "unresolved_total_llm_calls": 2148.0,
    "unresolved_avg_llm_calls": 82.61538461538461,
    "unresolved_total_cpu_time": 20131.51533100471,
    "unresolved_avg_cpu_time": 774.2890511924888,
    "unresolved_total_gpu_time": 6636.0269465148285,
    "unresolved_avg_gpu_time": 255.2318056351857,
    "unresolved_total_duration": 26767.542277519544,
    "unresolved_avg_duration": 1029.5208568276748,
    "unresolved_total_measured_gpu_time": 220164.32783985138,
    "unresolved_avg_measured_gpu_time": 8467.858763071206,
    "unresolved_total_measured_duration": 240295.84317085613,
    "unresolved_avg_measured_duration": 9242.147814263697,
    "precision": 0.4897959183673469
}