{"astropy__astropy-14369": {"input_tokens": 40988, "output_tokens": 63645, "cpu_time": 740.4647353969574, "gpu_time": 311.5763327981633, "resolved": false, "duration": 1052.0410681951207, "llm_calls": 85, "measured_gpu_time": 13634.843559741974, "measured_duration": 14375.308295138931}, "astropy__astropy-8707": {"input_tokens": 22223, "output_tokens": 36313, "cpu_time": 634.6776038490295, "gpu_time": 178.55274933519817, "resolved": false, "duration": 813.2303531842277, "llm_calls": 85, "measured_gpu_time": 6690.913826704025, "measured_duration": 7325.591430553055}, "django__django-16493": {"input_tokens": 22499, "output_tokens": 35592, "cpu_time": 819.4726485095978, "gpu_time": 175.0603860174757, "resolved": true, "duration": 994.5330345270735, "llm_calls": 85, "measured_gpu_time": 7715.014674901962, "measured_duration": 8534.48732341156}, "django__django-15278": {"input_tokens": 23150, "output_tokens": 35789, "cpu_time": 798.0164998851776, "gpu_time": 176.03035398711464, "resolved": true, "duration": 974.0468538722922, "llm_calls": 85, "measured_gpu_time": 7073.9939975738525, "measured_duration": 7872.01049745903}, "django__django-13343": {"input_tokens": 20751, "output_tokens": 202351, "cpu_time": 1171.870425590134, "gpu_time": 984.1494727975179, "resolved": false, "duration": 2156.0198983876517, "llm_calls": 85, "measured_gpu_time": 22679.72853064537, "measured_duration": 23851.598956235503}, "django__django-14053": {"input_tokens": 29928, "output_tokens": 33323, "cpu_time": 548.0016537986755, "gpu_time": 164.21204287320325, "resolved": true, "duration": 712.2136966718788, "llm_calls": 85, "measured_gpu_time": 7781.962481021881, "measured_duration": 8329.964134820557}, "django__django-11066": {"input_tokens": 23108, "output_tokens": 17460, "cpu_time": 400.4308084331513, "gpu_time": 87.09578332794516, "resolved": true, "duration": 487.5265917610965, "llm_calls": 85, "measured_gpu_time": 5332.850681781769, "measured_duration": 5733.28149021492}, "django__django-12419": {"input_tokens": 20967, "output_tokens": 11078, "cpu_time": 112.17398656234742, "gpu_time": 56.08344552635043, "resolved": true, "duration": 168.25743208869784, "llm_calls": 85, "measured_gpu_time": 4300.032742261887, "measured_duration": 4412.206728824234}, "django__django-15104": {"input_tokens": 35389, "output_tokens": 14336, "cpu_time": 167.62825549468994, "gpu_time": 72.20407681546097, "resolved": true, "duration": 239.8323323101509, "llm_calls": 85, "measured_gpu_time": 3864.156141757965, "measured_duration": 4031.7843972526553}, "django__django-13807": {"input_tokens": 28667, "output_tokens": 23269, "cpu_time": 754.322219260788, "gpu_time": 115.40196280039456, "resolved": false, "duration": 869.7241820611825, "llm_calls": 85, "measured_gpu_time": 5818.059303045273, "measured_duration": 6572.381522306061}, "django__django-16145": {"input_tokens": 21353, "output_tokens": 29719, "cpu_time": 503.73809517250066, "gpu_time": 146.53931888240962, "resolved": true, "duration": 650.2774140549103, "llm_calls": 85, "measured_gpu_time": 5882.932820796967, "measured_duration": 6386.670915969467}, "django__django-12713": {"input_tokens": 16437, "output_tokens": 52253, "cpu_time": 461.3260284744263, "gpu_time": 255.7694026949646, "resolved": false, "duration": 717.095431169391, "llm_calls": 55, "measured_gpu_time": 8318.145838975906, "measured_duration": 8779.471867450333}, "django__django-16612": {"input_tokens": 27243, "output_tokens": 20932, "cpu_time": 730.1349080883026, "gpu_time": 104.03180333592688, "resolved": true, "duration": 834.1667114242294, "llm_calls": 85, "measured_gpu_time": 5488.178288698196, "measured_duration": 6218.313196786499}, "django__django-15380": {"input_tokens": 27007, "output_tokens": 28894, "cpu_time": 814.1363295398712, "gpu_time": 142.6588998572506, "resolved": true, "duration": 956.7952293971218, "llm_calls": 85, "measured_gpu_time": 5071.4859800338745, "measured_duration": 5885.622309573746}, "django__django-11885": {"input_tokens": 29811, "output_tokens": 42257, "cpu_time": 333.75279034004217, "gpu_time": 207.55793425575192, "resolved": false, "duration": 541.3107245957941, "llm_calls": 85, "measured_gpu_time": 8959.187528133392, "measured_duration": 9292.940318473435}, "django__django-14089": {"input_tokens": 17349, "output_tokens": 23467, "cpu_time": 289.4748565040589, "gpu_time": 116.11737298265957, "resolved": true, "duration": 405.59222948671845, "llm_calls": 85, "measured_gpu_time": 4214.93488240242, "measured_duration": 4504.409738906479}, "django__django-11555": {"input_tokens": 26621, "output_tokens": 32858, "cpu_time": 317.2563742481232, "gpu_time": 161.88415437142666, "resolved": false, "duration": 479.14052861954985, "llm_calls": 85, "measured_gpu_time": 6493.614814281464, "measured_duration": 6810.871188529587}, "django__django-17087": {"input_tokens": 26325, "output_tokens": 25651, "cpu_time": 516.8606170497894, "gpu_time": 126.9088432660241, "resolved": true, "duration": 643.7694603158135, "llm_calls": 85, "measured_gpu_time": 6322.214222192764, "measured_duration": 6839.074839242554}, "django__django-11477": {"input_tokens": 20172, "output_tokens": 68278, "cpu_time": 703.4602533660889, "gpu_time": 333.6048355127115, "resolved": false, "duration": 1037.0650888788005, "llm_calls": 85, "measured_gpu_time": 8158.429911375046, "measured_duration": 8861.890164741135}, "django__django-11239": {"input_tokens": 15834, "output_tokens": 16926, "cpu_time": 316.67134106979375, "gpu_time": 84.34712304691264, "resolved": true, "duration": 401.0184641167064, "llm_calls": 65, "measured_gpu_time": 4582.863160848618, "measured_duration": 4899.5345019184115}, "django__django-15280": {"input_tokens": 34936, "output_tokens": 104000, "cpu_time": 1097.4126511894228, "gpu_time": 507.2506024306229, "resolved": false, "duration": 1604.6632536200457, "llm_calls": 85, "measured_gpu_time": 14967.17008137703, "measured_duration": 16064.582732566452}, "django__django-15127": {"input_tokens": 15708, "output_tokens": 21229, "cpu_time": 564.7912565551758, "gpu_time": 105.22286567795314, "resolved": false, "duration": 670.0141222331289, "llm_calls": 85, "measured_gpu_time": 5184.7328543663025, "measured_duration": 5749.5241109214785}, "django__django-11490": {"input_tokens": 22000, "output_tokens": 46024, "cpu_time": 758.5667194210052, "gpu_time": 225.66640465863324, "resolved": false, "duration": 984.2331240796385, "llm_calls": 85, "measured_gpu_time": 8679.677050113678, "measured_duration": 9438.243769534683}, "django__django-14034": {"input_tokens": 23577, "output_tokens": 39566, "cpu_time": 677.7448512397766, "gpu_time": 194.36589124164016, "resolved": false, "duration": 872.1107424814168, "llm_calls": 85, "measured_gpu_time": 7024.414525747299, "measured_duration": 7702.159376987076}, "django__django-13568": {"input_tokens": 17675, "output_tokens": 24231, "cpu_time": 406.06062210426336, "gpu_time": 119.83142290696719, "resolved": false, "duration": 525.8920450112305, "llm_calls": 85, "measured_gpu_time": 4646.4238448143005, "measured_duration": 5052.484466918564}, "matplotlib__matplotlib-25332": {"input_tokens": 46749, "output_tokens": 32069, "cpu_time": 488.0802644573212, "gpu_time": 158.49211192663424, "resolved": false, "duration": 646.5723763839554, "llm_calls": 75, "measured_gpu_time": 4631.028004646301, "measured_duration": 5119.108269103623}, "matplotlib__matplotlib-25287": {"input_tokens": 38562, "output_tokens": 17441, "cpu_time": 434.5339084945679, "gpu_time": 87.33853585891694, "resolved": false, "duration": 521.8724443534849, "llm_calls": 75, "measured_gpu_time": 4757.511664390564, "measured_duration": 5192.045572885132}, "matplotlib__matplotlib-24149": {"input_tokens": 48833, "output_tokens": 23266, "cpu_time": 542.4023543678284, "gpu_time": 115.82447394140553, "resolved": true, "duration": 658.226828309234, "llm_calls": 85, "measured_gpu_time": 4629.548082351685, "measured_duration": 5171.950436719513}, "mwaskom__seaborn-3187": {"input_tokens": 21182,