{
  "astropy__astropy-14369": {
    "input_tokens": 40988,
    "output_tokens": 63645,
    "cpu_time": 740.4647353969574,
    "gpu_time": 321.34873104014207,
    "resolved": false,
    "duration": 1061.8134664370996,
    "llm_calls": 85,
    "measured_gpu_time": 13634.843559741974,
    "measured_duration": 14375.308295138931
  },
  "astropy__astropy-8707": {
    "input_tokens": 22223,
    "output_tokens": 36313,
    "cpu_time": 634.6776038490295,
    "gpu_time": 183.92350658239107,
    "resolved": false,
    "duration": 818.6011104314206,
    "llm_calls": 85,
    "measured_gpu_time": 6690.913826704025,
    "measured_duration": 7325.591430553055
  },
  "django__django-16493": {
    "input_tokens": 22499,
    "output_tokens": 35592,
    "cpu_time": 819.4726485095978,
    "gpu_time": 180.33121048280609,
    "resolved": true,
    "duration": 999.8038589924039,
    "llm_calls": 85,
    "measured_gpu_time": 7715.014674901962,
    "measured_duration": 8534.48732341156
  },
  "django__django-15278": {
    "input_tokens": 23150,
    "output_tokens": 35789,
    "cpu_time": 798.0164998851776,
    "gpu_time": 181.3437269796144,
    "resolved": true,
    "duration": 979.360226864792,
    "llm_calls": 85,
    "measured_gpu_time": 7073.9939975738525,
    "measured_duration": 7872.01049745903
  },
  "django__django-13343": {
    "input_tokens": 20751,
    "output_tokens": 202351,
    "cpu_time": 1171.870425590134,
    "gpu_time": 1013.8365060751433,
    "resolved": false,
    "duration": 2185.7069316652774,
    "llm_calls": 85,
    "measured_gpu_time": 22679.72853064537,
    "measured_duration": 23851.598956235503
  },
  "django__django-14053": {
    "input_tokens": 29928,
    "output_tokens": 33323,
    "cpu_time": 548.0016537986755,
    "gpu_time": 169.30604733897556,
    "resolved": true,
    "duration": 717.3077011376511,
    "llm_calls": 85,
    "measured_gpu_time": 7781.962481021881,
    "measured_duration": 8329.964134820557
  },
  "django__django-11066": {
    "input_tokens": 23108,
    "output_tokens": 17460,
    "cpu_time": 400.4308084331513,
    "gpu_time": 89.72058174999188,
    "resolved": true,
    "duration": 490.1513901831432,
    "llm_calls": 85,
    "measured_gpu_time": 5332.850681781769,
    "measured_duration": 5733.28149021492
  },
  "django__django-12419": {
    "input_tokens": 20967,
    "output_tokens": 11078,
    "cpu_time": 112.17398656234742,
    "gpu_time": 57.72748349835518,
    "resolved": true,
    "duration": 169.9014700607026,
    "llm_calls": 85,
    "measured_gpu_time": 4300.032742261887,
    "measured_duration": 4412.206728824234
  },
  "django__django-15104": {
    "input_tokens": 35389,
    "output_tokens": 14336,
    "cpu_time": 167.62825549468994,
    "gpu_time": 74.6285004310535,
    "resolved": true,
    "duration": 242.25675592574345,
    "llm_calls": 85,
    "measured_gpu_time": 3864.156141757965,
    "measured_duration": 4031.7843972526553
  },
  "django__django-13807": {
    "input_tokens": 28667,
    "output_tokens": 23269,
    "cpu_time": 754.322219260788,
    "gpu_time": 118.99522580368719,
    "resolved": false,
    "duration": 873.3174450644751,
    "llm_calls": 85,
    "measured_gpu_time": 5818.059303045273,
    "measured_duration": 6572.381522306061
  },
  "django__django-16145": {
    "input_tokens": 21353,
    "output_tokens": 29719,
    "cpu_time": 503.73809517250066,
    "gpu_time": 150.92490071916373,
    "resolved": true,
    "duration": 654.6629958916644,
    "llm_calls": 85,
    "measured_gpu_time": 5882.932820796967,
    "measured_duration": 6386.670915969467
  },
  "django__django-12713": {
    "input_tokens": 16437,
    "output_tokens": 52253,
    "cpu_time": 461.3260284744263,
    "gpu_time": 263.3561204602945,
    "resolved": false,
    "duration": 724.6821489347208,
    "llm_calls": 55,
    "measured_gpu_time": 8318.145838975906,
    "measured_duration": 8779.471867450333
  },
  "django__django-16612": {
    "input_tokens": 27243,
    "output_tokens": 20932,
    "cpu_time": 730.1349080883026,
    "gpu_time": 107.25249516325223,
    "resolved": true,
    "duration": 837.3874032515548,
    "llm_calls": 85,
    "measured_gpu_time": 5488.178288698196,
    "measured_duration": 6218.313196786499
  },
  "django__django-15380": {
    "input_tokens": 27007,
    "output_tokens": 28894,
    "cpu_time": 814.1363295398712,
    "gpu_time": 147.04215591459842,
    "resolved": true,
    "duration": 961.1784854544696,
    "llm_calls": 85,
    "measured_gpu_time": 5071.4859800338745,
    "measured_duration": 5885.622309573746
  },
  "django__django-11885": {
    "input_tokens": 29811,
    "output_tokens": 42257,
    "cpu_time": 333.75279034004217,
    "gpu_time": 213.9595304585547,
    "resolved": false,
    "duration": 547.7123207985969,
    "llm_calls": 85,
    "measured_gpu_time": 8959.187528133392,
    "measured_duration": 9292.940318473435
  },
  "django__django-14089": {
    "input_tokens": 17349,
    "output_tokens": 23467,
    "cpu_time": 289.4748565040589,
    "gpu_time": 119.50216206799101,
    "resolved": true,
    "duration": 408.97701857204993,
    "llm_calls": 85,
    "measured_gpu_time": 4214.93488240242,
    "measured_duration": 4504.409738906479
  },
  "django__django-11555": {
    "input_tokens": 26621,
    "output_tokens": 32858,
    "cpu_time": 317.2563742481232,
    "gpu_time": 166.8405757585628,
    "resolved": false,
    "duration": 484.09695000668603,
    "llm_calls": 85,
    "measured_gpu_time": 6493.614814281464,
    "measured_duration": 6810.871188529587
  },
  "django__django-17087": {
    "input_tokens": 26325,
    "output_tokens": 25651,
    "cpu_time": 516.8606170497894,
    "gpu_time": 130.80224668084008,
    "resolved": true,
    "duration": 647.6628637306295,
    "llm_calls": 85,
    "measured_gpu_time": 6322.214222192764,
    "measured_duration": 6839.074839242554
  },
  "django__django-11477": {
    "input_tokens": 20172,
    "output_tokens": 68278,
    "cpu_time": 703.4602533660889,
    "gpu_time": 343.6197757449853,
    "resolved": false,
    "duration": 1047.080029111074,
    "llm_calls": 85,
    "measured_gpu_time": 8158.429911375046,
    "measured_duration": 8861.890164741135
  },
  "django__django-11239": {
    "input_tokens": 15834,
    "output_tokens": 16926,
    "cpu_time": 316.67134106979375,
    "gpu_time": 86.74097313114713,
    "resolved": true,
    "duration": 403.4123142009409,
    "llm_calls": 65,
    "measured_gpu_time": 4582.863160848618,
    "measured_duration": 4899.5345019184115
  },
  "django__django-15280": {
    "input_tokens": 34936,
    "output_tokens": 104000,
    "cpu_time": 1097.4126511894228,
    "gpu_time": 522.8134997371391,
    "resolved": false,
    "duration": 1620.2261509265618,
    "llm_calls": 85,
    "measured_gpu_time": 14967.17008137703,
    "measured_duration": 16064.582732566452
  },
  "django__django-15127": {
    "input_tokens": 15708,
    "output_tokens": 21229,
    "cpu_time": 564.7912565551758,
    "gpu_time": 108.24504682384958,
    "resolved": false,
    "duration": 673.0363033790254,
    "llm_calls": 85,
    "measured_gpu_time": 5184.7328543663025,
    "measured_duration": 5749.5241109214785
  },
  "django__django-11490": {
    "input_tokens": 22000,
    "output_tokens": 46024,
    "cpu_time": 758.5667194210052,
    "gpu_time": 232.45646549125001,
    "resolved": false,
    "duration": 991.0231849122553,
    "llm_calls": 85,
    "measured_gpu_time": 8679.677050113678,
    "measured_duration": 9438.243769534683
  },
  "django__django-14034": {
    "input_tokens": 23577,
    "output_tokens": 39566,
    "cpu_time": 677.7448512397766,
    "gpu_time": 200.24206939088666,
    "resolved": false,
    "duration": 877.9869206306632,
    "llm_calls": 85,
    "measured_gpu_time": 7024.414525747299,
    "measured_duration": 7702.159376987076
  },
  "django__django-13568": {
    "input_tokens": 17675,
    "output_tokens": 24231,
    "cpu_time": 406.06062210426336,
    "gpu_time": 123.3350830774522,
    "resolved": false,