{
  "sympy__sympy-21847": {
    "input_tokens": 59929,
    "output_tokens": 694,
    "llm_calls": 2,
    "duration": 9.084416241672308,
    "resolved": false,
    "cpu_time": 1.601477861404419,
    "gpu_time": 7.482938380267888,
    "measured_gpu_time": 311.0391438007355,
    "measured_duration": 312.6406216621399
  },
  "django__django-11239": {
    "input_tokens": 8520,
    "output_tokens": 653,
    "llm_calls": 2,
    "duration": 5.632636917063814,
    "resolved": false,
    "cpu_time": 0.5476737022399902,
    "gpu_time": 5.084963214823824,
    "measured_gpu_time": 311.0391438007355,
    "measured_duration": 312.6406216621399
  },
  "sympy__sympy-13877": {
    "input_tokens": 58103,
    "output_tokens": 1770,
    "llm_calls": 2,
    "duration": 13.589005010793098,
    "resolved": false,
    "cpu_time": 0.8053491115570068,
    "gpu_time": 12.783655899236091,
    "measured_gpu_time": 311.0391438007355,
    "measured_duration": 312.6406216621399
  },
  "django__django-15280": {
    "input_tokens": 51399,
    "output_tokens": 4138,
    "llm_calls": 2,
    "duration": 25.079037078311572,
    "resolved": false,
    "cpu_time": 0.7444183826446533,
    "gpu_time": 24.33461869566692,
    "measured_gpu_time": 311.0391438007355,
    "measured_duration": 312.6406216621399
  },
  "pylint-dev__pylint-7277": {
    "input_tokens": 21379,
    "output_tokens": 682,
    "llm_calls": 2,
    "duration": 5.952913290813534,
    "resolved": false,
    "cpu_time": 0.17444252967834473,
    "gpu_time": 5.778470761135189,
    "measured_gpu_time": 311.0391438007355,
    "measured_duration": 312.6406216621399
  },
  "django__django-15278": {
    "input_tokens": 30558,
    "output_tokens": 451,
    "llm_calls": 2,
    "duration": 5.813333850784915,
    "resolved": false,
    "cpu_time": 0.7980031967163086,
    "gpu_time": 5.015330654068606,
    "measured_gpu_time": 311.0391438007355,
    "measured_duration": 312.6406216621399
  },
  "sympy__sympy-18698": {
    "input_tokens": 57080,
    "output_tokens": 4150,
    "llm_calls": 2,
    "duration": 25.54536664829031,
    "resolved": false,
    "cpu_time": 0.9084208011627197,
    "gpu_time": 24.636945847127592,
    "measured_gpu_time": 311.0391438007355,
    "measured_duration": 312.6406216621399
  },
  "django__django-15127": {
    "input_tokens": 7540,
    "output_tokens": 761,
    "llm_calls": 2,
    "duration": 6.421294038275,
    "resolved": false,
    "cpu_time": 0.8382754325866699,
    "gpu_time": 5.58301860568833,
    "measured_gpu_time": 311.0391438007355,
    "measured_duration": 312.6406216621399
  },
  "pytest-dev__pytest-6197": {
    "input_tokens": 39305,
    "output_tokens": 807,
    "llm_calls": 2,
    "duration": 7.296710543689206,
    "resolved": false,
    "cpu_time": 0.12870573997497559,
    "gpu_time": 7.16800480371423,
    "measured_gpu_time": 311.0391438007355,
    "measured_duration": 312.6406216621399
  },
  "django__django-13343": {
    "input_tokens": 33132,
    "output_tokens": 897,
    "llm_calls": 2,
    "duration": 8.328560943651016,
    "resolved": false,
    "cpu_time": 0.9740028381347656,
    "gpu_time": 7.35455810551625,
    "measured_gpu_time": 311.0391438007355,
    "measured_duration": 312.6406216621399
  },
  "sympy__sympy-22714": {
    "input_tokens": 64805,
    "output_tokens": 4149,
    "llm_calls": 2,
    "duration": 26.004343903567218,
    "resolved": false,
    "cpu_time": 1.0428602695465088,
    "gpu_time": 24.96148363402071,
    "measured_gpu_time": 311.0391438007355,
    "measured_duration": 312.6406216621399
  },
  "django__django-11490": {
    "input_tokens": 56503,
    "output_tokens": 2452,
    "llm_calls": 2,
    "duration": 17.066598021310703,
    "resolved": false,
    "cpu_time": 0.9420754909515381,
    "gpu_time": 16.124522530359165,
    "measured_gpu_time": 311.0391438007355,
    "measured_duration": 312.6406216621399
  },
  "pytest-dev__pytest-10356": {
    "input_tokens": 53550,
    "output_tokens": 1916,
    "llm_calls": 2,
    "duration": 13.490430323264075,
    "resolved": false,
    "cpu_time": 0.1711866855621338,
    "gpu_time": 13.319243637701941,
    "measured_gpu_time": 311.0391438007355,
    "measured_duration": 312.6406216621399
  },
  "django__django-14053": {
    "input_tokens": 20047,
    "output_tokens": 809,
    "llm_calls": 2,
    "duration": 7.271857761689929,
    "resolved": false,
    "cpu_time": 0.9153718948364258,
    "gpu_time": 6.356485866853503,
    "measured_gpu_time": 311.0391438007355,
    "measured_duration": 312.6406216621399
  },
  "django__django-14034": {
    "input_tokens": 33112,
    "output_tokens": 2643,
    "llm_calls": 2,
    "duration": 17.156796967165242,
    "resolved": false,
    "cpu_time": 1.0753445625305176,
    "gpu_time": 16.081452404634724,
    "measured_gpu_time": 311.0391438007355,
    "measured_duration": 312.6406216621399
  },
  "scikit-learn__scikit-learn-10844": {
    "input_tokens": 44877,
    "output_tokens": 1567,
    "llm_calls": 2,
    "duration": 11.423456691886974,
    "resolved": false,
    "cpu_time": 0.21873950958251953,
    "gpu_time": 11.204717182304455,
    "measured_gpu_time": 311.0391438007355,
    "measured_duration": 312.6406216621399
  },
  "django__django-11066": {
    "input_tokens": 27087,
    "output_tokens": 286,
    "llm_calls": 2,
    "duration": 4.903282282229338,
    "resolved": true,
    "cpu_time": 0.8608062267303467,
    "gpu_time": 4.042476055498991,
    "measured_gpu_time": 311.0391438007355,
    "measured_duration": 312.6406216621399
  },
  "django__django-13568": {
    "input_tokens": 19508,
    "output_tokens": 453,
    "llm_calls": 2,
    "duration": 5.043026712111341,
    "resolved": false,
    "cpu_time": 0.4890744686126709,
    "gpu_time": 4.55395224349867,
    "measured_gpu_time": 311.0391438007355,
    "measured_duration": 312.6406216621399
  },
  "django__django-12419": {
    "input_tokens": 18337,
    "output_tokens": 148,
    "llm_calls": 2,
    "duration": 3.893883386315636,
    "resolved": false,
    "cpu_time": 0.9144906997680664,
    "gpu_time": 2.9793926865475697,
    "measured_gpu_time": 311.0391438007355,
    "measured_duration": 312.6406216621399
  },
  "scikit-learn__scikit-learn-14496": {
    "input_tokens": 35656,
    "output_tokens": 107,
    "llm_calls": 2,
    "duration": 3.7374424524703818,
    "resolved": true,
    "cpu_time": 0.22419524192810059,
    "gpu_time": 3.513247210542281,
    "measured_gpu_time": 311.0391438007355,
    "measured_duration": 312.6406216621399
  },
  "django__django-15104": {
    "input_tokens": 44431,
    "output_tokens": 291,
    "llm_calls": 2,
    "duration": 5.383893662921966,
    "resolved": false,
    "cpu_time": 0.5765559673309326,
    "gpu_time": 4.807337695591033,
    "measured_gpu_time": 311.0391438007355,
    "measured_duration": 312.6406216621399
  },
  "matplotlib__matplotlib-25332": {
    "input_tokens": 45534,
    "output_tokens": 1072,
    "llm_calls": 2,
    "duration": 10.197525089879385,
    "resolved": false,
    "cpu_time": 1.4391427040100098,
    "gpu_time": 8.758382385869375,
    "measured_gpu_time": 311.0391438007355,
    "measured_duration": 312.6406216621399
  },
  "scikit-learn__scikit-learn-10908": {
    "input_tokens": 47728,
    "output_tokens": 197,
    "llm_calls": 2,
    "duration": 4.725268112419375,
    "resolved": false,
    "cpu_time": 0.24716424942016602,
    "gpu_time": 4.478103862999209,
    "measured_gpu_time": 311.0391438007355,
    "measured_duration": 312.6406216621399
  },
  "django__django-13807": {
    "input_tokens": 43422,
    "output_tokens": 2314,
    "llm_calls": 2,
    "duration": 15.925584127877649,
    "resolved": false,
    "cpu_time": 1.048898696899414,
    "gpu_time": 14.876685430978235,
    "measured_gpu_time": 311.0391438007355,
    "measured_duration": 312.6406216621399
  },
  "matplotlib__matplotlib-25287": {
    "input_tokens": 65653,
    "output_tokens": 175,
    "llm_calls": 2,
    "duration": 5.528695633192141,
    "resolved": false,
    "cpu_time": 0.39591073989868164,