{"sympy__sympy-13877": {"input_tokens": 55149.0, "output_tokens": 310.0, "llm_calls": 2.0, "duration": 5.9547033449145275, "resolved": false, "cpu_time": 0.5951769351959229, "gpu_time": 5.359526409718605, "measured_gpu_time": 73.86181306838989, "measured_duration": 74.45699000358582}, "django__django-15280": {"input_tokens": 65052.0, "output_tokens": 943.0, "llm_calls": 2.0, "duration": 9.6616231004481, "resolved": false, "cpu_time": 0.7154667377471924, "gpu_time": 8.946156362700908, "measured_gpu_time": 73.86181306838989, "measured_duration": 74.45699000358582}, "pylint-dev__pylint-7277": {"input_tokens": 22001.0, "output_tokens": 221.0, "llm_calls": 2.0, "duration": 4.136886506136012, "resolved": false, "cpu_time": 0.6362874507904053, "gpu_time": 3.500599055345606, "measured_gpu_time": 73.86181306838989, "measured_duration": 74.45699000358582}, "django__django-15278": {"input_tokens": 38394.0, "output_tokens": 277.0, "llm_calls": 2.0, "duration": 5.740967064035297, "resolved": false, "cpu_time": 1.2611403465270996, "gpu_time": 4.479826717508198, "measured_gpu_time": 73.86181306838989, "measured_duration": 74.45699000358582}, "sympy__sympy-18698": {"input_tokens": 24106.0, "output_tokens": 400.0, "llm_calls": 2.0, "duration": 5.194732178568254, "resolved": false, "cpu_time": 0.7095680236816406, "gpu_time": 4.485164154886613, "measured_gpu_time": 73.86181306838989, "measured_duration": 74.45699000358582}, "django__django-15127": {"input_tokens": 12592.0, "output_tokens": 259.0, "llm_calls": 2.0, "duration": 4.779147395059738, "resolved": false, "cpu_time": 1.4899706840515137, "gpu_time": 3.2891767110082237, "measured_gpu_time": 73.86181306838989, "measured_duration": 74.45699000358582}, "pytest-dev__pytest-6197": {"input_tokens": 27398.0, "output_tokens": 302.0, "llm_calls": 2.0, "duration": 4.2122354809089, "resolved": false, "cpu_time": 0.07651329040527344, "gpu_time": 4.1357221905036265, "measured_gpu_time": 73.86181306838989, "measured_duration": 74.45699000358582}, "django__django-13343": {"input_tokens": 44661.0, "output_tokens": 206.0, "llm_calls": 2.0, "duration": 5.01655546275038, "resolved": false, "cpu_time": 0.6242966651916504, "gpu_time": 4.392258797558729, "measured_gpu_time": 73.86181306838989, "measured_duration": 74.45699000358582}, "sympy__sympy-22714": {"input_tokens": 65504.0, "output_tokens": 314.0, "llm_calls": 2.0, "duration": 6.730826829219893, "resolved": true, "cpu_time": 0.9095773696899414, "gpu_time": 5.821249459529952, "measured_gpu_time": 73.86181306838989, "measured_duration": 74.45699000358582}, "django__django-11490": {"input_tokens": 39688.0, "output_tokens": 621.0, "llm_calls": 2.0, "duration": 6.910978622804231, "resolved": false, "cpu_time": 0.656395673751831, "gpu_time": 6.2545829490524, "measured_gpu_time": 73.86181306838989, "measured_duration": 74.45699000358582}, "pytest-dev__pytest-10356": {"input_tokens": 23134.0, "output_tokens": 414.0, "llm_calls": 2.0, "duration": 4.606338934469921, "resolved": false, "cpu_time": 0.09265685081481934, "gpu_time": 4.513682083655102, "measured_gpu_time": 73.86181306838989, "measured_duration": 74.45699000358582}, "django__django-14053": {"input_tokens": 5580.0, "output_tokens": 49.0, "llm_calls": 1.0, "duration": 2.422746577094398, "resolved": false, "cpu_time": 0.4824199676513672, "gpu_time": 1.9403266094430307, "measured_gpu_time": 73.86181306838989, "measured_duration": 74.45699000358582}, "django__django-14034": {"input_tokens": 32997.0, "output_tokens": 254.0, "llm_calls": 2.0, "duration": 4.9157183002698375, "resolved": false, "cpu_time": 0.7810895442962646, "gpu_time": 4.134628755973573, "measured_gpu_time": 73.86181306838989, "measured_duration": 74.45699000358582}, "scikit-learn__scikit-learn-10844": {"input_tokens": 42504.0, "output_tokens": 275.0, "llm_calls": 2.0, "duration": 4.835424266509696, "resolved": true, "cpu_time": 0.19026875495910645, "gpu_time": 4.645155511550589, "measured_gpu_time": 73.86181306838989, "measured_duration": 74.45699000358582}, "django__django-11066": {"input_tokens": 23724.0, "output_tokens": 215.0, "llm_calls": 2.0, "duration": 4.156844954422564, "resolved": true, "cpu_time": 0.6127376556396484, "gpu_time": 3.544107298782915, "measured_gpu_time": 73.86181306838989, "measured_duration": 74.45699000358582}, "django__django-13568": {"input_tokens": 25311.0, "output_tokens": 409.0, "llm_calls": 2.0, "duration": 5.59052742426371, "resolved": false, "cpu_time": 1.0089714527130127, "gpu_time": 4.5815559715506975, "measured_gpu_time": 73.86181306838989, "measured_duration": 74.45699000358582}, "django__django-12419": {"input_tokens": 17117.0, "output_tokens": 182.0, "llm_calls": 2.0, "duration": 3.7765443146973494, "resolved": true, "cpu_time": 0.6792387962341309, "gpu_time": 3.0973055184632186, "measured_gpu_time": 73.86181306838989, "measured_duration": 74.45699000358582}, "scikit-learn__scikit-learn-14496": {"input_tokens": 31013.0, "output_tokens": 293.0, "llm_calls": 2.0, "duration": 4.440989483165931, "resolved": false, "cpu_time": 0.1960453987121582, "gpu_time": 4.244944084453773, "measured_gpu_time": 73.86181306838989, "measured_duration": 74.45699000358582}, "django__django-15104": {"input_tokens": 42021.0, "output_tokens": 261.0, "llm_calls": 2.0, "duration": 5.746460498553475, "resolved": true, "cpu_time": 1.1918909549713135, "gpu_time": 4.554569543582161, "measured_gpu_time": 73.86181306838989, "measured_duration": 74.45699000358582}, "matplotlib__matplotlib-25332": {"input_tokens": 58429.0, "output_tokens": 364.0, "llm_calls": 2.0, "duration": 6.030052831242455, "resolved": false, "cpu_time": 0.26067638397216797, "gpu_time": 5.769376447270287, "measured_gpu_time": 73.86181306838989, "measured_duration": 74.45699000358582}, "scikit-learn__scikit-learn-10908": {"input_tokens": 28003.0, "output_tokens": 240.0, "llm_calls": 2.0, "duration": 4.027606363983432, "resolved": false, "cpu_time": 0.1759958267211914, "gpu_time": 3.8516105372622405, "measured_gpu_time": 73.86181306838989, "measured_duration": 74.45699000358582}, "django__django-13807": {"input_tokens": 26376.0, "output_tokens": 299.0, "llm_calls": 2.0, "duration": 5.010216477769832, "resolved": false, "cpu_time": 0.9330873489379883, "gpu_time": 4.077129128831844, "measured_gpu_time": 73.86181306838989, "measured_duration": 74.45699000358582}, "matplotlib__matplotlib-25287": {"input_tokens": 50639.0, "output_tokens": 290.0, "llm_calls": 2.0, "duration": 5.290231333762561, "resolved": true, "cpu_time": 0.2230687141418457, "gpu_time": 5.067162619620715, "measured_gpu_time": 73.86181306838989, "measured_duration": 74.45699000358582}, "sphinx-doc__sphinx-8721": {"input_tokens": 24433.0, "output_tokens": 301.0, "llm_calls": 2.0, "duration": 4.110100467306054, "resolved": false, "cpu_time": 0.10585927963256836, "gpu_time": 4.004241187673486, "measured_gpu_time": 73.86181306838989, "measured_duration": 74.45699000358582}, "django__django-16145": {"input_tokens": 10711.0, "output_tokens": 322.0, "llm_calls": 2.0, "duration": 4.11249868609832, "resolved": false, "cpu_time": 0.5886437892913818, "gpu_time": 3.5238548968069376, "measured_gpu_time": 73.86181306838989, "measured_duration": 74.45699000358582}, "matplotlib__matplotlib-24149": {"input_tokens": 66760.0, "output_tokens": 349.0, "llm_calls": 2.0, "duration": 6.826446617466264, "resolved": true, "cpu_time": 0.7766633033752441, "gpu_time": 6.0497833140910195, "measured_gpu_time": 73.86181306838989, "measured_duration": 74.45699000358582}, "sphinx-doc__sphinx-11445": {"input_tokens": 7888.0, "output_tokens": 404.0, "llm_calls": 2.0, "duration": 3.9079819737406387, "resolved": false, "cpu_time": 0.09465765953063965, "gpu_time": 3.813324314209999, "measured_gpu_time": 73.86181306838989, "measured_duration": 74.45699000358582}, "django__django-12713": {"input_tokens": 27889.0, "output_tokens": 387.0, "llm_calls": 2.0, "duration": 5.050813514041968, "resolved": false, "cpu_time": 0.4692556858062744, "gpu_time": 4.5815578282356935,