{
  "django__django-13343": {
    "log_path": "infer_logs/instance_django__django-13343.log",
    "duration": 81.98874047384021,
    "gpu_time": 32.568525334451174,
    "cpu_time": 49.42021513938904,
    "llm_calls": 26,
    "input_tokens": 460498,
    "output_tokens": 2294,
    "resolved": false,
    "measured_gpu_time": 52.33978486061096,
    "measured_duration": 101.76
  },
  "django__django-16612": {
    "log_path": "infer_logs/instance_django__django-16612.log",
    "duration": 86.79380924895783,
    "gpu_time": 28.76417879203339,
    "cpu_time": 58.02963045692444,
    "llm_calls": 40,
    "input_tokens": 419243,
    "output_tokens": 1885,
    "resolved": true,
    "measured_gpu_time": 58.30636954307556,
    "measured_duration": 116.336
  },
  "scikit-learn__scikit-learn-10908": {
    "log_path": "infer_logs/instance_scikit-learn__scikit-learn-10908.log",
    "duration": 408.6235944861033,
    "gpu_time": 27.560647443638082,
    "cpu_time": 381.0629470424652,
    "llm_calls": 21,
    "input_tokens": 492156,
    "output_tokens": 1022,
    "resolved": false,
    "measured_gpu_time": 34.34505295753479,
    "measured_duration": 415.408
  },
  "django__django-11239": {
    "log_path": "infer_logs/instance_django__django-11239.log",
    "duration": 94.3125906193292,
    "gpu_time": 48.32643750119564,
    "cpu_time": 45.98615311813356,
    "llm_calls": 60,
    "input_tokens": 725488,
    "output_tokens": 3185,
    "resolved": false,
    "measured_gpu_time": 110.98084688186646,
    "measured_duration": 156.967
  },
  "psf__requests-1142": {
    "log_path": "infer_logs/instance_psf__requests-1142.log",
    "duration": 117.98450711037901,
    "gpu_time": 86.80938171365051,
    "cpu_time": 31.175125396728504,
    "llm_calls": 60,
    "input_tokens": 1271965,
    "output_tokens": 6220,
    "resolved": false,
    "measured_gpu_time": 153.88787460327148,
    "measured_duration": 185.063
  },
  "django__django-12713": {
    "log_path": "infer_logs/instance_django__django-12713.log",
    "duration": 60.45993707322118,
    "gpu_time": 13.850391468515364,
    "cpu_time": 46.609545604705815,
    "llm_calls": 17,
    "input_tokens": 194899,
    "output_tokens": 816,
    "resolved": false,
    "measured_gpu_time": 28.88245439529419,
    "measured_duration": 75.492
  },
  "astropy__astropy-8707": {
    "log_path": "infer_logs/instance_astropy__astropy-8707.log",
    "duration": 64.90372366328799,
    "gpu_time": 15.700303327518343,
    "cpu_time": 49.20342033576965,
    "llm_calls": 13,
    "input_tokens": 256076,
    "output_tokens": 664,
    "resolved": false,
    "measured_gpu_time": 22.453579664230347,
    "measured_duration": 71.657
  },
  "matplotlib__matplotlib-25287": {
    "log_path": "infer_logs/instance_matplotlib__matplotlib-25287.log",
    "duration": 61.65312469809169,
    "gpu_time": 6.568605599809825,
    "cpu_time": 55.08451909828186,
    "llm_calls": 9,
    "input_tokens": 50096,
    "output_tokens": 595,
    "resolved": true,
    "measured_gpu_time": 25.51348090171814,
    "measured_duration": 80.598
  },
  "django__django-11885": {
    "log_path": "infer_logs/instance_django__django-11885.log",
    "duration": 165.27228436657617,
    "gpu_time": 87.39180512043666,
    "cpu_time": 77.88047924613952,
    "llm_calls": 60,
    "input_tokens": 1796991,
    "output_tokens": 1856,
    "resolved": false,
    "measured_gpu_time": 95.20052075386047,
    "measured_duration": 173.081
  },
  "django__django-15380": {
    "log_path": "infer_logs/instance_django__django-15380.log",
    "duration": 64.4463972460097,
    "gpu_time": 13.12588633025346,
    "cpu_time": 51.32051091575623,
    "llm_calls": 23,
    "input_tokens": 191508,
    "output_tokens": 700,
    "resolved": false,
    "measured_gpu_time": 28.683489084243774,
    "measured_duration": 80.004
  },
  "django__django-15104": {
    "log_path": "infer_logs/instance_django__django-15104.log",
    "duration": 111.08938927010166,
    "gpu_time": 42.56635106972325,
    "cpu_time": 68.52303820037841,
    "llm_calls": 60,
    "input_tokens": 604170,
    "output_tokens": 3068,
    "resolved": false,
    "measured_gpu_time": 97.10596179962158,
    "measured_duration": 165.629
  },
  "django__django-14089": {
    "log_path": "infer_logs/instance_django__django-14089.log",
    "duration": 180.26393557448813,
    "gpu_time": 22.201557684854947,
    "cpu_time": 158.06237788963318,
    "llm_calls": 23,
    "input_tokens": 417267,
    "output_tokens": 589,
    "resolved": false,
    "measured_gpu_time": 28.67062211036682,
    "measured_duration": 186.733
  },
  "pydata__xarray-4695": {
    "log_path": "infer_logs/instance_pydata__xarray-4695.log",
    "duration": 71.48940797080839,
    "gpu_time": 12.805569189451575,
    "cpu_time": 58.68383878135681,
    "llm_calls": 15,
    "input_tokens": 169586,
    "output_tokens": 823,
    "resolved": false,
    "measured_gpu_time": 24.57516121864319,
    "measured_duration": 83.259
  },
  "django__django-16145": {
    "log_path": "infer_logs/instance_django__django-16145.log",
    "duration": 93.37169184384507,
    "gpu_time": 31.203790509082495,
    "cpu_time": 62.167901334762576,
    "llm_calls": 45,
    "input_tokens": 431201,
    "output_tokens": 2271,
    "resolved": true,
    "measured_gpu_time": 78.26709866523743,
    "measured_duration": 140.435
  },
  "pytest-dev__pytest-10356": {
    "log_path": "infer_logs/instance_pytest-dev__pytest-10356.log",
    "duration": 283.54158448237246,
    "gpu_time": 70.55836965388124,
    "cpu_time": 212.9832148284912,
    "llm_calls": 60,
    "input_tokens": 1276413,
    "output_tokens": 2931,
    "resolved": false,
    "measured_gpu_time": 103.46378517150879,
    "measured_duration": 316.447
  },
  "django__django-11555": {
    "log_path": "infer_logs/instance_django__django-11555.log",
    "duration": 54.51845847490332,
    "gpu_time": 7.792255895405028,
    "cpu_time": 46.72620257949829,
    "llm_calls": 15,
    "input_tokens": 101045,
    "output_tokens": 405,
    "resolved": false,
    "measured_gpu_time": 17.54479742050171,
    "measured_duration": 64.271
  },
  "scikit-learn__scikit-learn-10844": {
    "log_path": "infer_logs/instance_scikit-learn__scikit-learn-10844.log",
    "duration": 106.85314976871373,
    "gpu_time": 47.79704314792517,
    "cpu_time": 59.05610662078857,
    "llm_calls": 46,
    "input_tokens": 821938,
    "output_tokens": 2256,
    "resolved": true,
    "measured_gpu_time": 78.42489337921143,
    "measured_duration": 137.481
  },
  "django__django-11066": {
    "log_path": "infer_logs/instance_django__django-11066.log",
    "duration": 219.18907736370045,
    "gpu_time": 35.69874767276721,
    "cpu_time": 183.49032969093324,
    "llm_calls": 25,
    "input_tokens": 668282,
    "output_tokens": 1147,
    "resolved": false,
    "measured_gpu_time": 45.75567030906677,
    "measured_duration": 229.246
  },
  "django__django-13568": {
    "log_path": "infer_logs/instance_django__django-13568.log",
    "duration": 160.2646225272403,
    "gpu_time": 21.42822226059299,
    "cpu_time": 138.83640026664733,
    "llm_calls": 22,
    "input_tokens": 383202,
    "output_tokens": 725,
    "resolved": false,
    "measured_gpu_time": 26.83459973335266,
    "measured_duration": 165.671
  },
  "django__django-15127": {
    "log_path": "infer_logs/instance_django__django-15127.log",
    "duration": 82.39882379227589,
    "gpu_time": 27.055414351281634,
    "cpu_time": 55.343409440994265,
    "llm_calls": 40,
    "input_tokens": 332197,
    "output_tokens": 2286,
    "resolved": false,
    "measured_gpu_time": 69.82959055900574,
    "measured_duration": 125.173
  },
  "django__django-12419": {
    "log_path": "infer_logs/instance_django__django-12419.log",
    "duration": 81.08596118805363,
    "gpu_time": 37.39447354004337,
    "cpu_time": 43.69148764801025,
    "llm_calls": 36,
    "input_tokens": 630343,
    "output_tokens": 1810,
    "resolved": true,
    "measured_gpu_time": 63.635512351989746,