{"sympy__sympy-13877": {"input_tokens": 55149.0, "output_tokens": 310.0, "llm_calls": 2.0, "duration": 5.17233479706542, "resolved": false, "cpu_time": 0.5951769351959229, "gpu_time": 4.577157861869497, "measured_gpu_time": 73.86181306838989, "measured_duration": 74.45699000358582}, "django__django-15280": {"input_tokens": 65052.0, "output_tokens": 943.0, "llm_calls": 2.0, "duration": 8.57861975950588, "resolved": false, "cpu_time": 0.7154667377471924, "gpu_time": 7.863153021758687, "measured_gpu_time": 73.86181306838989, "measured_duration": 74.45699000358582}, "pylint-dev__pylint-7277": {"input_tokens": 22001.0, "output_tokens": 221.0, "llm_calls": 2.0, "duration": 4.063178288967507, "resolved": false, "cpu_time": 0.6362874507904053, "gpu_time": 3.426890838177102, "measured_gpu_time": 73.86181306838989, "measured_duration": 74.45699000358582}, "django__django-15278": {"input_tokens": 38394.0, "output_tokens": 277.0, "llm_calls": 2.0, "duration": 5.315040645494716, "resolved": false, "cpu_time": 1.2611403465270996, "gpu_time": 4.0539002989676165, "measured_gpu_time": 73.86181306838989, "measured_duration": 74.45699000358582}, "sympy__sympy-18698": {"input_tokens": 24106.0, "output_tokens": 400.0, "llm_calls": 2.0, "duration": 5.0506027407727, "resolved": false, "cpu_time": 0.7095680236816406, "gpu_time": 4.341034717091059, "measured_gpu_time": 73.86181306838989, "measured_duration": 74.45699000358582}, "django__django-15127": {"input_tokens": 12592.0, "output_tokens": 259.0, "llm_calls": 2.0, "duration": 4.897314569151083, "resolved": false, "cpu_time": 1.4899706840515137, "gpu_time": 3.407343885099569, "measured_gpu_time": 73.86181306838989, "measured_duration": 74.45699000358582}, "pytest-dev__pytest-6197": {"input_tokens": 27398.0, "output_tokens": 302.0, "llm_calls": 2.0, "duration": 4.013393867132699, "resolved": false, "cpu_time": 0.07651329040527344, "gpu_time": 3.9368805767274253, "measured_gpu_time": 73.86181306838989, "measured_duration": 74.45699000358582}, "django__django-13343": {"input_tokens": 44661.0, "output_tokens": 206.0, "llm_calls": 2.0, "duration": 4.469527413732728, "resolved": false, "cpu_time": 0.6242966651916504, "gpu_time": 3.845230748541078, "measured_gpu_time": 73.86181306838989, "measured_duration": 74.45699000358582}, "sympy__sympy-22714": {"input_tokens": 65504.0, "output_tokens": 314.0, "llm_calls": 2.0, "duration": 5.730572393956377, "resolved": true, "cpu_time": 0.9095773696899414, "gpu_time": 4.820995024266436, "measured_gpu_time": 73.86181306838989, "measured_duration": 74.45699000358582}, "django__django-11490": {"input_tokens": 39688.0, "output_tokens": 621.0, "llm_calls": 2.0, "duration": 6.407454835009107, "resolved": false, "cpu_time": 0.656395673751831, "gpu_time": 5.751059161257276, "measured_gpu_time": 73.86181306838989, "measured_duration": 74.45699000358582}, "pytest-dev__pytest-10356": {"input_tokens": 23134.0, "output_tokens": 414.0, "llm_calls": 2.0, "duration": 4.480553980013685, "resolved": false, "cpu_time": 0.09265685081481934, "gpu_time": 4.3878971291988655, "measured_gpu_time": 73.86181306838989, "measured_duration": 74.45699000358582}, "django__django-14053": {"input_tokens": 5580.0, "output_tokens": 49.0, "llm_calls": 1.0, "duration": 2.718853928790667, "resolved": false, "cpu_time": 0.4824199676513672, "gpu_time": 2.2364339611392996, "measured_gpu_time": 73.86181306838989, "measured_duration": 74.45699000358582}, "django__django-14034": {"input_tokens": 32997.0, "output_tokens": 254.0, "llm_calls": 2.0, "duration": 4.606420384141722, "resolved": false, "cpu_time": 0.7810895442962646, "gpu_time": 3.8253308398454573, "measured_gpu_time": 73.86181306838989, "measured_duration": 74.45699000358582}, "scikit-learn__scikit-learn-10844": {"input_tokens": 42504.0, "output_tokens": 275.0, "llm_calls": 2.0, "duration": 4.323542901961865, "resolved": true, "cpu_time": 0.19026875495910645, "gpu_time": 4.1332741470027585, "measured_gpu_time": 73.86181306838989, "measured_duration": 74.45699000358582}, "django__django-11066": {"input_tokens": 23724.0, "output_tokens": 215.0, "llm_calls": 2.0, "duration": 4.047859454139575, "resolved": true, "cpu_time": 0.6127376556396484, "gpu_time": 3.4351217984999263, "measured_gpu_time": 73.86181306838989, "measured_duration": 74.45699000358582}, "django__django-13568": {"input_tokens": 25311.0, "output_tokens": 409.0, "llm_calls": 2.0, "duration": 5.419791375142799, "resolved": false, "cpu_time": 1.0089714527130127, "gpu_time": 4.410819922429786, "measured_gpu_time": 73.86181306838989, "measured_duration": 74.45699000358582}, "django__django-12419": {"input_tokens": 17117.0, "output_tokens": 182.0, "llm_calls": 2.0, "duration": 3.811045489098684, "resolved": true, "cpu_time": 0.6792387962341309, "gpu_time": 3.131806692864553, "measured_gpu_time": 73.86181306838989, "measured_duration": 74.45699000358582}, "scikit-learn__scikit-learn-14496": {"input_tokens": 31013.0, "output_tokens": 293.0, "llm_calls": 2.0, "duration": 4.1676069352589735, "resolved": false, "cpu_time": 0.1960453987121582, "gpu_time": 3.971561536546815, "measured_gpu_time": 73.86181306838989, "measured_duration": 74.45699000358582}, "django__django-15104": {"input_tokens": 42021.0, "output_tokens": 261.0, "llm_calls": 2.0, "duration": 5.2467677790145935, "resolved": true, "cpu_time": 1.1918909549713135, "gpu_time": 4.05487682404328, "measured_gpu_time": 73.86181306838989, "measured_duration": 74.45699000358582}, "matplotlib__matplotlib-25332": {"input_tokens": 58429.0, "output_tokens": 364.0, "llm_calls": 2.0, "duration": 5.170935238792168, "resolved": false, "cpu_time": 0.26067638397216797, "gpu_time": 4.91025885482, "measured_gpu_time": 73.86181306838989, "measured_duration": 74.45699000358582}, "scikit-learn__scikit-learn-10908": {"input_tokens": 28003.0, "output_tokens": 240.0, "llm_calls": 2.0, "duration": 3.825160283227862, "resolved": false, "cpu_time": 0.1759958267211914, "gpu_time": 3.6491644565066705, "measured_gpu_time": 73.86181306838989, "measured_duration": 74.45699000358582}, "django__django-13807": {"input_tokens": 26376.0, "output_tokens": 299.0, "llm_calls": 2.0, "duration": 4.83326140954564, "resolved": false, "cpu_time": 0.9330873489379883, "gpu_time": 3.900174060607652, "measured_gpu_time": 73.86181306838989, "measured_duration": 74.45699000358582}, "matplotlib__matplotlib-25287": {"input_tokens": 50639.0, "output_tokens": 290.0, "llm_calls": 2.0, "duration": 4.605437713445399, "resolved": true, "cpu_time": 0.2230687141418457, "gpu_time": 4.382368999303553, "measured_gpu_time": 73.86181306838989, "measured_duration": 74.45699000358582}, "sphinx-doc__sphinx-8721": {"input_tokens": 24433.0, "output_tokens": 301.0, "llm_calls": 2.0, "duration": 3.9736259195697334, "resolved": false, "cpu_time": 0.10585927963256836, "gpu_time": 3.867766639937165, "measured_gpu_time": 73.86181306838989, "measured_duration": 74.45699000358582}, "django__django-16145": {"input_tokens": 10711.0, "output_tokens": 322.0, "llm_calls": 2.0, "duration": 4.260900510149773, "resolved": false, "cpu_time": 0.5886437892913818, "gpu_time": 3.6722567208583907, "measured_gpu_time": 73.86181306838989, "measured_duration": 74.45699000358582}, "matplotlib__matplotlib-24149": {"input_tokens": 66760.0, "output_tokens": 349.0, "llm_calls": 2.0, "duration": 5.794702798735433, "resolved": true, "cpu_time": 0.7766633033752441, "gpu_time": 5.018039495360189, "measured_gpu_time": 73.86181306838989, "measured_duration": 74.45699000358582}, "sphinx-doc__sphinx-11445": {"input_tokens": 7888.0, "output_tokens": 404.0, "llm_calls": 2.0, "duration": 4.1036002015193365, "resolved": false, "cpu_time": 0.09465765953063965, "gpu_time": 4.008942541988697, "measured_gpu_time": 73.86181306838989, "measured_duration": 74.45699000358582}, "django__django-12713": {"input_tokens": 27889.0, "output_tokens": 387.0, "llm_calls": 2.0, "duration": 4.829204211929506, "resolved": false, "cpu_time": 0.4692556858062744, "gpu_time": 4.359948526123231,