{"total_projects": 50, "total_tokens": 1956110.0, "avg_total_tokens": 39122.2, "resolved": 2, "avg_resolved": 0.04, "input_tokens": 1873493.0, "avg_input_tokens": 37469.86, "output_tokens": 82617.0, "avg_output_tokens": 1652.34, "llm_calls": 100.0, "avg_llm_calls": 2.0, "cpu_time": 37.53201603889464, "avg_cpu_time": 0.7506403207778928, "gpu_time": 535.3561063913035, "avg_gpu_time": 10.70712212782607, "duration": 572.8881224301981, "avg_duration": 11.457762448603962, "measured_gpu_time": 15551.957190036774, "avg_measured_gpu_time": 311.0391438007355, "measured_duration": 15632.031083106995, "avg_measured_duration": 312.6406216621399, "resolved_total_input_tokens": 62743.0, "resolved_avg_input_tokens": 31371.5, "resolved_total_output_tokens": 393.0, "resolved_avg_output_tokens": 196.5, "resolved_total_llm_calls": 4.0, "resolved_avg_llm_calls": 2.0, "resolved_total_cpu_time": 1.085001468658446, "resolved_avg_cpu_time": 0.542500734329223, "resolved_total_gpu_time": 7.022212716831723, "resolved_avg_gpu_time": 3.5111063584158617, "resolved_total_duration": 8.107214185490172, "resolved_avg_duration": 4.053607092745086, "resolved_total_measured_gpu_time": 622.078287601471, "resolved_avg_measured_gpu_time": 311.0391438007355, "resolved_total_measured_duration": 625.2812433242798, "resolved_avg_measured_duration": 312.6406216621399, "unresolved_total_input_tokens": 1810750.0, "unresolved_avg_input_tokens": 37723.958333333336, "unresolved_total_output_tokens": 82224.0, "unresolved_avg_output_tokens": 1713.0, "unresolved_total_llm_calls": 96.0, "unresolved_avg_llm_calls": 2.0, "unresolved_total_cpu_time": 36.44701457023619, "unresolved_avg_cpu_time": 0.7593128035465874, "unresolved_total_gpu_time": 528.3338936744717, "unresolved_avg_gpu_time": 11.006956118218161, "unresolved_total_duration": 564.7809082447079, "unresolved_avg_duration": 11.766268921764748, "unresolved_total_measured_gpu_time": 14929.878902435303, "unresolved_avg_measured_gpu_time": 311.0391438007355, "unresolved_total_measured_duration": 15006.749839782715, "unresolved_avg_measured_duration": 312.6406216621399, "precision": 0.6666666666666666}