{
  "total_projects": 50,
  "total_tokens": 1956110.0,
  "avg_total_tokens": 39122.2,
  "resolved": 2,
  "avg_resolved": 0.04,
  "input_tokens": 1873493.0,
  "avg_input_tokens": 37469.86,
  "output_tokens": 82617.0,
  "avg_output_tokens": 1652.34,
  "llm_calls": 100.0,
  "avg_llm_calls": 2.0,
  "cpu_time": 37.53201603889464,
  "avg_cpu_time": 0.7506403207778928,
  "gpu_time": 565.7665000621699,
  "avg_gpu_time": 11.3153300012434,
  "duration": 603.2985161010646,
  "avg_duration": 12.065970322021291,
  "measured_gpu_time": 15551.957190036774,
  "avg_measured_gpu_time": 311.0391438007355,
  "measured_duration": 15632.031083106995,
  "avg_measured_duration": 312.6406216621399,
  "resolved_total_input_tokens": 62743.0,
  "resolved_avg_input_tokens": 31371.5,
  "resolved_total_output_tokens": 393.0,
  "resolved_avg_output_tokens": 196.5,
  "resolved_total_llm_calls": 4.0,
  "resolved_avg_llm_calls": 2.0,
  "resolved_total_cpu_time": 1.085001468658446,
  "resolved_avg_cpu_time": 0.542500734329223,
  "resolved_total_gpu_time": 7.555723266041272,
  "resolved_avg_gpu_time": 3.777861633020636,
  "resolved_total_duration": 8.640724734699718,
  "resolved_avg_duration": 4.320362367349859,
  "resolved_total_measured_gpu_time": 622.078287601471,
  "resolved_avg_measured_gpu_time": 311.0391438007355,
  "resolved_total_measured_duration": 625.2812433242798,
  "resolved_avg_measured_duration": 312.6406216621399,
  "unresolved_total_input_tokens": 1810750.0,
  "unresolved_avg_input_tokens": 37723.958333333336,
  "unresolved_total_output_tokens": 82224.0,
  "unresolved_avg_output_tokens": 1713.0,
  "unresolved_total_llm_calls": 96.0,
  "unresolved_avg_llm_calls": 2.0,
  "unresolved_total_cpu_time": 36.44701457023619,
  "unresolved_avg_cpu_time": 0.7593128035465874,
  "unresolved_total_gpu_time": 558.2107767961286,
  "unresolved_avg_gpu_time": 11.629391183252679,
  "unresolved_total_duration": 594.6577913663648,
  "unresolved_avg_duration": 12.388703986799266,
  "unresolved_total_measured_gpu_time": 14929.878902435303,
  "unresolved_avg_measured_gpu_time": 311.0391438007355,
  "unresolved_total_measured_duration": 15006.749839782715,
  "unresolved_avg_measured_duration": 312.6406216621399,
  "precision": 0.6666666666666666,
  "token_efficiency_auc": 0.0003162979956824961,
  "cost_efficiency_auc": 6.353173133841688e-5,
  "cpu_efficiency_auc": 5.6153370570069736e-5,
  "gpu_efficiency_auc": 0.001941045915165013
}
