{"sympy__sympy-21847": {"input_tokens": 59929, "output_tokens": 694, "llm_calls": 2, "duration": 8.145431282067864, "resolved": false, "cpu_time": 1.601477861404419, "gpu_time": 6.543953420663446, "measured_gpu_time": 311.0391438007355, "measured_duration": 312.6406216621399}, "django__django-11239": {"input_tokens": 8520, "output_tokens": 653, "llm_calls": 2, "duration": 5.778480254509592, "resolved": false, "cpu_time": 0.5476737022399902, "gpu_time": 5.230806552269602, "measured_gpu_time": 311.0391438007355, "measured_duration": 312.6406216621399}, "sympy__sympy-13877": {"input_tokens": 58103, "output_tokens": 1770, "llm_calls": 2, "duration": 12.530558151709327, "resolved": false, "cpu_time": 0.8053491115570068, "gpu_time": 11.72520904015232, "measured_gpu_time": 311.0391438007355, "measured_duration": 312.6406216621399}, "django__django-15280": {"input_tokens": 51399, "output_tokens": 4138, "llm_calls": 2, "duration": 23.81403914334083, "resolved": false, "cpu_time": 0.7444183826446533, "gpu_time": 23.069620760696175, "measured_gpu_time": 311.0391438007355, "measured_duration": 312.6406216621399}, "pylint-dev__pylint-7277": {"input_tokens": 21379, "output_tokens": 682, "llm_calls": 2, "duration": 5.824658478460414, "resolved": false, "cpu_time": 0.17444252967834473, "gpu_time": 5.650215948782069, "measured_gpu_time": 311.0391438007355, "measured_duration": 312.6406216621399}, "django__django-15278": {"input_tokens": 30558, "output_tokens": 451, "llm_calls": 2, "duration": 5.526330958412608, "resolved": false, "cpu_time": 0.7980031967163086, "gpu_time": 4.728327761696299, "measured_gpu_time": 311.0391438007355, "measured_duration": 312.6406216621399}, "sympy__sympy-18698": {"input_tokens": 57080, "output_tokens": 4150, "llm_calls": 2, "duration": 24.15939347718796, "resolved": false, "cpu_time": 0.9084208011627197, "gpu_time": 23.250972676025242, "measured_gpu_time": 311.0391438007355, "measured_duration": 312.6406216621399}, "django__django-15127": {"input_tokens": 7540, "output_tokens": 761, "llm_calls": 2, "duration": 6.571865944763045, "resolved": false, "cpu_time": 0.8382754325866699, "gpu_time": 5.7335905121763755, "measured_gpu_time": 311.0391438007355, "measured_duration": 312.6406216621399}, "pytest-dev__pytest-6197": {"input_tokens": 39305, "output_tokens": 807, "llm_calls": 2, "duration": 6.773949682746471, "resolved": false, "cpu_time": 0.12870573997497559, "gpu_time": 6.645243942771495, "measured_gpu_time": 311.0391438007355, "measured_duration": 312.6406216621399}, "django__django-13343": {"input_tokens": 33132, "output_tokens": 897, "llm_calls": 2, "duration": 7.9221430401698045, "resolved": false, "cpu_time": 0.9740028381347656, "gpu_time": 6.948140202035039, "measured_gpu_time": 311.0391438007355, "measured_duration": 312.6406216621399}, "sympy__sympy-22714": {"input_tokens": 64805, "output_tokens": 4149, "llm_calls": 2, "duration": 24.456408491258728, "resolved": false, "cpu_time": 1.0428602695465088, "gpu_time": 23.41354822171222, "measured_gpu_time": 311.0391438007355, "measured_duration": 312.6406216621399}, "django__django-11490": {"input_tokens": 56503, "output_tokens": 2452, "llm_calls": 2, "duration": 15.941721286078693, "resolved": false, "cpu_time": 0.9420754909515381, "gpu_time": 14.999645795127154, "measured_gpu_time": 311.0391438007355, "measured_duration": 312.6406216621399}, "pytest-dev__pytest-10356": {"input_tokens": 53550, "output_tokens": 1916, "llm_calls": 2, "duration": 12.50611915160236, "resolved": false, "cpu_time": 0.1711866855621338, "gpu_time": 12.334932466040227, "measured_gpu_time": 311.0391438007355, "measured_duration": 312.6406216621399}, "django__django-14053": {"input_tokens": 20047, "output_tokens": 809, "llm_calls": 2, "duration": 7.1529321410634115, "resolved": false, "cpu_time": 0.9153718948364258, "gpu_time": 6.237560246226986, "measured_gpu_time": 311.0391438007355, "measured_duration": 312.6406216621399}, "django__django-14034": {"input_tokens": 33112, "output_tokens": 2643, "llm_calls": 2, "duration": 16.494772120544972, "resolved": false, "cpu_time": 1.0753445625305176, "gpu_time": 15.419427558014453, "measured_gpu_time": 311.0391438007355, "measured_duration": 312.6406216621399}, "scikit-learn__scikit-learn-10844": {"input_tokens": 44877, "output_tokens": 1567, "llm_calls": 2, "duration": 10.672324148420653, "resolved": false, "cpu_time": 0.21873950958251953, "gpu_time": 10.453584638838134, "measured_gpu_time": 311.0391438007355, "measured_duration": 312.6406216621399}, "django__django-11066": {"input_tokens": 27087, "output_tokens": 286, "llm_calls": 2, "duration": 4.713313171190559, "resolved": true, "cpu_time": 0.8608062267303467, "gpu_time": 3.8525069444602122, "measured_gpu_time": 311.0391438007355, "measured_duration": 312.6406216621399}, "django__django-13568": {"input_tokens": 19508, "output_tokens": 453, "llm_calls": 2, "duration": 4.98761444322874, "resolved": false, "cpu_time": 0.4890744686126709, "gpu_time": 4.498539974616069, "measured_gpu_time": 311.0391438007355, "measured_duration": 312.6406216621399}, "django__django-12419": {"input_tokens": 18337, "output_tokens": 148, "llm_calls": 2, "duration": 3.9077685274655742, "resolved": false, "cpu_time": 0.9144906997680664, "gpu_time": 2.993277827697508, "measured_gpu_time": 311.0391438007355, "measured_duration": 312.6406216621399}, "scikit-learn__scikit-learn-14496": {"input_tokens": 35656, "output_tokens": 107, "llm_calls": 2, "duration": 3.393901014299612, "resolved": true, "cpu_time": 0.22419524192810059, "gpu_time": 3.1697057723715116, "measured_gpu_time": 311.0391438007355, "measured_duration": 312.6406216621399}, "django__django-15104": {"input_tokens": 44431, "output_tokens": 291, "llm_calls": 2, "duration": 4.829228087450597, "resolved": false, "cpu_time": 0.5765559673309326, "gpu_time": 4.252672120119664, "measured_gpu_time": 311.0391438007355, "measured_duration": 312.6406216621399}, "matplotlib__matplotlib-25332": {"input_tokens": 45534, "output_tokens": 1072, "llm_calls": 2, "duration": 9.505190295351575, "resolved": false, "cpu_time": 1.4391427040100098, "gpu_time": 8.066047591341565, "measured_gpu_time": 311.0391438007355, "measured_duration": 312.6406216621399}, "scikit-learn__scikit-learn-10908": {"input_tokens": 47728, "output_tokens": 197, "llm_calls": 2, "duration": 4.115198891700416, "resolved": false, "cpu_time": 0.24716424942016602, "gpu_time": 3.86803464228025, "measured_gpu_time": 311.0391438007355, "measured_duration": 312.6406216621399}, "django__django-13807": {"input_tokens": 43422, "output_tokens": 2314, "llm_calls": 2, "duration": 15.0954475409693, "resolved": false, "cpu_time": 1.048898696899414, "gpu_time": 14.046548844069886, "measured_gpu_time": 311.0391438007355, "measured_duration": 312.6406216621399}, "matplotlib__matplotlib-25287": {"input_tokens": 65653, "output_tokens": 175, "llm_calls": 2, "duration": 4.54569685655321, "resolved": false, "cpu_time": 0.39591073989868164, "gpu_time": 4.1497861166545285, "measured_gpu_time": 311.0391438007355, "measured_duration": 312.6406216621399}, "sphinx-doc__sphinx-8721": {"input_tokens": 24860, "output_tokens": 1937, "llm_calls": 2, "duration": 11.94600299924386, "resolved": false, "cpu_time": 0.13098907470703125, "gpu_time": 11.815013924536828, "measured_gpu_time": 311.0391438007355, "measured_duration": 312.6406216621399}, "django__django-16145": {"input_tokens": 14067, "output_tokens": 324, "llm_calls": 2, "duration": 4.340878940470665, "resolved": false, "cpu_time": 0.5861818790435791, "gpu_time": 3.754697061427086, "measured_gpu_time": 311.0391438007355, "measured_duration": 312.6406216621399}, "matplotlib__matplotlib-24149": {"input_tokens": 39783, "output_tokens": 1392, "llm_calls": 2, "duration": 10.34330828528604, "resolved": false, "cpu_time": 0.8492412567138672, "gpu_time": 9.494067028572173, "measured_gpu_time": 311.0391438007355, "measured_duration": 312.6406216621399}, "sphinx-doc__sphinx-11445": {"input_tokens": 25613,