{"pytest-dev__pytest-6197": {"input_tokens": 16767.0, "output_tokens": 7756.0, "llm_calls": 2.0, "duration": 39.9618869967046, "resolved": false, "cpu_time": 0.0880591869354248, "gpu_time": 39.873827809769175, "measured_gpu_time": 7437.616426944733, "measured_duration": 7437.704486131668}, "django__django-15280": {"input_tokens": 57439.0, "output_tokens": 43607.0, "llm_calls": 2.0, "duration": 215.83660015801883, "resolved": false, "cpu_time": 1.1295714378356934, "gpu_time": 214.70702872018313, "measured_gpu_time": 7437.616426944733, "measured_duration": 7437.704486131668}, "django__django-15278": {"input_tokens": 31149.0, "output_tokens": 1886.0, "llm_calls": 2.0, "duration": 12.54030466001002, "resolved": false, "cpu_time": 0.8364419937133789, "gpu_time": 11.703862666296642, "measured_gpu_time": 7437.616426944733, "measured_duration": 7437.704486131668}, "sympy__sympy-22714": {"input_tokens": 65647.0, "output_tokens": 44412.0, "llm_calls": 2.0, "duration": 219.74272829487336, "resolved": false, "cpu_time": 0.9518842697143555, "gpu_time": 218.790844025159, "measured_gpu_time": 7437.616426944733, "measured_duration": 7437.704486131668}, "pytest-dev__pytest-10356": {"input_tokens": 20148.0, "output_tokens": 2586.0, "llm_calls": 2.0, "duration": 15.074916864409612, "resolved": false, "cpu_time": 0.21303248405456543, "gpu_time": 14.861884380355047, "measured_gpu_time": 7437.616426944733, "measured_duration": 7437.704486131668}, "django__django-15127": {"input_tokens": 12630.0, "output_tokens": 2082.0, "llm_calls": 2.0, "duration": 13.16512551517884, "resolved": false, "cpu_time": 0.9116275310516357, "gpu_time": 12.253497984127204, "measured_gpu_time": 7437.616426944733, "measured_duration": 7437.704486131668}, "django__django-13343": {"input_tokens": 33264.0, "output_tokens": 4124.0, "llm_calls": 2.0, "duration": 23.312312747727574, "resolved": true, "cpu_time": 0.703669548034668, "gpu_time": 22.608643199692906, "measured_gpu_time": 7437.616426944733, "measured_duration": 7437.704486131668}, "scikit-learn__scikit-learn-10844": {"input_tokens": 22431.0, "output_tokens": 1901.0, "llm_calls": 2.0, "duration": 11.903422815653869, "resolved": true, "cpu_time": 0.31572842597961426, "gpu_time": 11.587694389674255, "measured_gpu_time": 7437.616426944733, "measured_duration": 7437.704486131668}, "django__django-11490": {"input_tokens": 44443.0, "output_tokens": 3833.0, "llm_calls": 2.0, "duration": 22.35481459159388, "resolved": false, "cpu_time": 0.9158370494842529, "gpu_time": 21.438977542109626, "measured_gpu_time": 7437.616426944733, "measured_duration": 7437.704486131668}, "django__django-14053": {"input_tokens": 16044.0, "output_tokens": 4641.0, "llm_calls": 2.0, "duration": 25.56990511004998, "resolved": false, "cpu_time": 0.8259570598602295, "gpu_time": 24.74394805018975, "measured_gpu_time": 7437.616426944733, "measured_duration": 7437.704486131668}, "django__django-14034": {"input_tokens": 34000.0, "output_tokens": 3758.0, "llm_calls": 2.0, "duration": 22.07897717369201, "resolved": false, "cpu_time": 1.230241298675537, "gpu_time": 20.848735875016473, "measured_gpu_time": 7437.616426944733, "measured_duration": 7437.704486131668}, "django__django-11066": {"input_tokens": 42027.0, "output_tokens": 993.0, "llm_calls": 2.0, "duration": 8.88745702909372, "resolved": true, "cpu_time": 1.2807321548461914, "gpu_time": 7.60672487424753, "measured_gpu_time": 7437.616426944733, "measured_duration": 7437.704486131668}, "scikit-learn__scikit-learn-14496": {"input_tokens": 14029.0, "output_tokens": 2437.0, "llm_calls": 2.0, "duration": 14.198671258029533, "resolved": false, "cpu_time": 0.1923658847808838, "gpu_time": 14.006305373248649, "measured_gpu_time": 7437.616426944733, "measured_duration": 7437.704486131668}, "django__django-13568": {"input_tokens": 20890.0, "output_tokens": 2384.0, "llm_calls": 2.0, "duration": 15.3125298237244, "resolved": false, "cpu_time": 1.4146826267242432, "gpu_time": 13.897847197000157, "measured_gpu_time": 7437.616426944733, "measured_duration": 7437.704486131668}, "django__django-12419": {"input_tokens": 18796.0, "output_tokens": 1243.0, "llm_calls": 2.0, "duration": 8.802935837594768, "resolved": true, "cpu_time": 0.48668909072875977, "gpu_time": 8.316246746866009, "measured_gpu_time": 7437.616426944733, "measured_duration": 7437.704486131668}, "scikit-learn__scikit-learn-10908": {"input_tokens": 17927.0, "output_tokens": 4462.0, "llm_calls": 2.0, "duration": 24.114561490766576, "resolved": false, "cpu_time": 0.19832348823547363, "gpu_time": 23.916238002531102, "measured_gpu_time": 7437.616426944733, "measured_duration": 7437.704486131668}, "django__django-15104": {"input_tokens": 44677.0, "output_tokens": 1302.0, "llm_calls": 2.0, "duration": 10.084780604175458, "resolved": true, "cpu_time": 0.9213302135467529, "gpu_time": 9.163450390628705, "measured_gpu_time": 7437.616426944733, "measured_duration": 7437.704486131668}, "matplotlib__matplotlib-25332": {"input_tokens": 54038.0, "output_tokens": 4839.0, "llm_calls": 2.0, "duration": 26.8697698473293, "resolved": false, "cpu_time": 0.34164905548095703, "gpu_time": 26.528120791848345, "measured_gpu_time": 7437.616426944733, "measured_duration": 7437.704486131668}, "django__django-13807": {"input_tokens": 36674.0, "output_tokens": 1562.0, "llm_calls": 2.0, "duration": 11.633905054036012, "resolved": false, "cpu_time": 1.3823683261871338, "gpu_time": 10.251536727848878, "measured_gpu_time": 7437.616426944733, "measured_duration": 7437.704486131668}, "sphinx-doc__sphinx-8721": {"input_tokens": 28410.0, "output_tokens": 2240.0, "llm_calls": 2.0, "duration": 13.507864816188029, "resolved": true, "cpu_time": 0.14573168754577637, "gpu_time": 13.362133128642252, "measured_gpu_time": 7437.616426944733, "measured_duration": 7437.704486131668}, "matplotlib__matplotlib-25287": {"input_tokens": 5614.0, "output_tokens": 516.0, "llm_calls": 1.0, "duration": 4.6030172183964755, "resolved": false, "cpu_time": 0.09992790222167969, "gpu_time": 4.503089316174796, "measured_gpu_time": 7437.616426944733, "measured_duration": 7437.704486131668}, "sphinx-doc__sphinx-11445": {"input_tokens": 25950.0, "output_tokens": 9705.0, "llm_calls": 2.0, "duration": 50.199857184515544, "resolved": false, "cpu_time": 0.6703100204467773, "gpu_time": 49.52954716406877, "measured_gpu_time": 7437.616426944733, "measured_duration": 7437.704486131668}, "django__django-16145": {"input_tokens": 17755.0, "output_tokens": 3162.0, "llm_calls": 2.0, "duration": 18.98772425925373, "resolved": true, "cpu_time": 1.3829100131988525, "gpu_time": 17.60481424605488, "measured_gpu_time": 7437.616426944733, "measured_duration": 7437.704486131668}, "sphinx-doc__sphinx-7462": {"input_tokens": 32181.0, "output_tokens": 4529.0, "llm_calls": 2.0, "duration": 24.659720343559187, "resolved": false, "cpu_time": 0.10945963859558105, "gpu_time": 24.550260704963605, "measured_gpu_time": 7437.616426944733, "measured_duration": 7437.704486131668}, "matplotlib__matplotlib-24149": {"input_tokens": 54809.0, "output_tokens": 2666.0, "llm_calls": 2.0, "duration": 16.49898827841475, "resolved": true, "cpu_time": 0.497713565826416, "gpu_time": 16.001274712588334, "measured_gpu_time": 7437.616426944733, "measured_duration": 7437.704486131668}, "django__django-12713": {"input_tokens": 51505.0, "output_tokens": 40146.0, "llm_calls": 2.0, "duration": 198.4556859365242, "resolved": false, "cpu_time": 0.670295000076294, "gpu_time": 197.7853909364479, "measured_gpu_time": 7437.616426944733, "measured_duration": 7437.704486131668}, "mwaskom__seaborn-3187": {"input_tokens": 32966.0, "output_tokens": 3322.0, "llm_calls": 2.0, "duration": 18.820847450152506, "resolved": false, "cpu_time": 0.11002612113952637, "gpu_time": 18.71082132901298, "measured_gpu_time": 7437.616426944733, "measured_duration": 7437.704486131668}, "django__django-16612": {"input_tokens": 23566.0, "output_tokens": 2476.0, "llm_calls": 2.0, "duration": 15.795627345206539, "resolved": true,