{"total_projects": 50, "total_tokens": 408360950.0, "avg_total_tokens": 8167219.0, "resolved": 5, "avg_resolved": 0.1, "input_tokens": 407141353.0, "avg_input_tokens": 8142827.06, "output_tokens": 1219597.0, "avg_output_tokens": 24391.94, "llm_calls": 9048.0, "avg_llm_calls": 180.96, "cpu_time": 6906.802000000001, "avg_cpu_time": 138.13604, "gpu_time": 23537.29686739387, "avg_gpu_time": 470.74593734787743, "duration": 30444.09886739387, "avg_duration": 608.8819773478774, "measured_gpu_time": 33017.277, "avg_measured_gpu_time": 660.34554, "measured_duration": 39924.079000000005, "avg_measured_duration": 798.4815800000001, "resolved_total_input_tokens": 9299869.0, "resolved_avg_input_tokens": 1859973.8, "resolved_total_output_tokens": 26514.0, "resolved_avg_output_tokens": 5302.8, "resolved_total_llm_calls": 408.0, "resolved_avg_llm_calls": 81.6, "resolved_total_cpu_time": 299.62799999999993, "resolved_avg_cpu_time": 59.92559999999999, "resolved_total_gpu_time": 536.5405337695205, "resolved_avg_gpu_time": 107.3081067539041, "resolved_total_duration": 836.1685337695204, "resolved_avg_duration": 167.23370675390407, "resolved_total_measured_gpu_time": 731.0790000000001, "resolved_avg_measured_gpu_time": 146.2158, "resolved_total_measured_duration": 1030.707, "resolved_avg_measured_duration": 206.14140000000003, "unresolved_total_input_tokens": 397841484.0, "unresolved_avg_input_tokens": 8840921.866666667, "unresolved_total_output_tokens": 1193083.0, "unresolved_avg_output_tokens": 26512.955555555556, "unresolved_total_llm_calls": 8640.0, "unresolved_avg_llm_calls": 192.0, "unresolved_total_cpu_time": 6607.174, "unresolved_avg_cpu_time": 146.82608888888888, "unresolved_total_gpu_time": 23000.756333624344, "unresolved_avg_gpu_time": 511.12791852498543, "unresolved_total_duration": 29607.93033362435, "unresolved_avg_duration": 657.9540074138745, "unresolved_total_measured_gpu_time": 32286.197999999997, "unresolved_avg_measured_gpu_time": 717.4710666666666, "unresolved_total_measured_duration": 38893.372, "unresolved_avg_measured_duration": 864.2971555555556, "precision": 0.10204081632653061, "token_efficiency_auc": 0.05079376, "cost_efficiency_auc": 0.02549901, "cpu_efficiency_auc": 0.09678216111111111, "gpu_efficiency_auc": 0.08327860450495421}